age,sex,bmi,children,smoker,income,has_insurance,income_per_child,bmi_age_ratio,log_income
19,0,27.9,0,1,48173,0,48173.0,1.4684210526315788,10.782574735412739
18,1,33.77,1,0,24022,0,12011.0,1.8761111111111113,10.086766983755195
28,1,33.0,3,0,1139365,1,284841.25,1.1785714285714286,13.945982525316396
33,1,22.705,0,0,718290,0,718290.0,0.688030303030303,13.484630058400658
32,1,28.88,0,0,500122,0,500122.0,0.9025,13.12260934715129
31,0,25.74,0,0,661427,1,661427.0,0.8303225806451613,13.402156413075845
46,0,33.44,1,0,2244133,1,1122066.5,0.7269565217391304,14.623830258636875
37,0,27.74,3,0,755156,1,188789.0,0.7497297297297297,13.534680953633044
37,1,29.83,2,0,564522,1,188174.0,0.8062162162162162,13.243736405763096
60,0,25.84,0,0,835309,0,835309.0,0.43066666666666664,13.635558192419015
25,1,26.22,0,0,1095783,1,1095783.0,1.0488,13.906980646775255
62,0,26.29,0,1,963510,1,963510.0,0.4240322580645161,13.7783391834813
23,1,34.4,0,0,231093,0,231093.0,1.4956521739130435,12.350579833138761
56,0,39.82,0,0,1747330,0,1747330.0,0.7110714285714286,14.373600038828307
27,1,42.13,0,1,807948,1,807948.0,1.5603703703703704,13.602254216699276
19,1,24.6,1,0,40655,0,20327.5,1.2947368421052632,10.612901705559945
52,0,30.78,1,0,1706681,1,853340.5,0.591923076923077,14.350061692682221
23,1,23.845,0,0,309764,0,309764.0,1.0367391304347826,12.643569224469001
56,1,40.3,0,0,1861213,1,1861213.0,0.7196428571428571,14.43673952095314
30,1,35.3,0,1,757397,1,757397.0,1.1766666666666665,13.537644153833723
60,0,36.005,0,0,623207,0,623207.0,0.6000833333333334,13.342635610426758
30,0,32.4,1,0,631353,0,315676.5,1.0799999999999998,13.355621998476755
18,1,34.1,0,0,74110,0,74110.0,1.8944444444444446,11.213319248310043
34,0,31.92,1,1,801859,1,400929.5,0.9388235294117647,13.594689308019632
37,1,28.025,2,0,1169099,1,389699.6666666667,0.7574324324324324,13.97174477999491
59,0,27.72,3,0,1541013,1,385253.25,0.46983050847457625,14.247951199270718
63,0,23.085,0,0,854945,0,854945.0,0.36642857142857144,13.658793588029617
55,0,32.775,2,0,2479493,1,826497.6666666666,0.5959090909090908,14.723565065065687
23,1,17.385,1,0,205723,0,102861.5,0.7558695652173913,12.234290743604157
31,1,36.3,2,1,965473,1,321824.3333333333,1.1709677419354838,13.780374451435808
22,1,35.6,0,1,419404,1,419404.0,1.6181818181818182,12.94659231917193
18,0,26.315,0,0,57691,0,57691.0,1.4619444444444445,10.9628737947034
63,1,28.31,0,0,578988,0,578988.0,0.44936507936507936,13.269038758101779
28,1,36.4,1,1,1084572,1,542286.0,1.3,13.89669691910911
19,1,20.425,0,0,19568,0,19568.0,1.075,9.881701960464206
62,0,32.965,3,0,558783,0,139695.75,0.5316935483870968,13.23351827317048
26,1,20.8,0,0,853348,0,853348.0,0.8,13.656923886994104
35,1,36.67,1,1,571446,1,285723.0,1.0477142857142858,13.255927019508832
60,1,39.9,0,1,578504,0,578504.0,0.6649999999999999,13.268202468620869
24,0,26.6,0,0,290698,0,290698.0,1.1083333333333334,12.580043646568571
31,0,36.63,2,0,586643,1,195547.66666666666,1.1816129032258065,13.282173441236186
41,1,21.78,1,0,1698718,1,849359.0,0.531219512195122,14.345384995568692
37,0,30.8,2,0,826683,1,275561.0,0.8324324324324325,13.625177796995171
38,1,37.05,1,0,1048579,1,524289.5,0.975,13.862947425888896
55,1,37.3,0,0,1602926,1,1602926.0,0.6781818181818181,14.287341890941505
18,0,38.665,2,0,33106,1,11035.333333333334,2.1480555555555556,10.407500019368872
28,0,34.77,0,0,899912,1,899912.0,1.2417857142857145,13.710053370967257
60,0,24.53,0,0,940379,0,940379.0,0.4088333333333333,13.75403932787617
36,1,35.2,1,1,813584,1,406792.0,0.9777777777777779,13.60920568696836
18,0,35.625,0,0,33109,0,33109.0,1.9791666666666667,10.407590630541291
21,0,33.63,2,0,292669,0,97556.33333333333,1.6014285714285716,12.586800973405923
48,1,28.0,1,1,2187447,1,1093723.5,0.5833333333333334,14.59824612550279
36,1,34.43,0,1,789867,1,789867.0,0.9563888888888888,13.579621121874753
40,0,28.69,3,0,1852199,1,463049.75,0.71725,14.431884679718305
58,1,36.955,2,1,2393937,1,797979.0,0.637155172413793,14.688450266686164
58,0,31.825,2,0,2266236,0,755412.0,0.5487068965517241,14.633631304686151
18,1,31.68,2,1,30461,0,10153.666666666666,1.76,10.32423528417545
53,0,22.88,1,1,1750078,1,875039.0,0.43169811320754714,14.375171487737932
34,0,37.335,2,0,813405,1,271135.0,1.0980882352941177,13.60898564887261
43,1,27.36,3,0,1233286,1,308321.5,0.6362790697674419,14.025193520673097
25,1,33.66,4,0,632180,0,126436.0,1.3463999999999998,13.356931024531582
64,1,24.7,1,0,824649,0,412324.5,0.3859375,13.6227143328763
28,0,25.935,1,0,821129,1,410564.5,0.9262499999999999,13.618436719383116
20,0,22.42,0,1,265047,0,265047.0,1.121,12.487666220641398
19,0,28.9,0,0,89538,0,89538.0,1.5210526315789472,11.402429563539606
61,0,39.1,2,0,979907,1,326635.6666666667,0.6409836065573771,13.79521396868896
40,1,26.315,1,0,1691811,1,845905.5,0.657875,14.341310701863899
40,0,36.19,0,0,2302001,1,2302001.0,0.9047499999999999,14.649289737073317
28,1,23.98,3,1,651877,1,162969.25,0.8564285714285714,13.387612706835885
27,0,24.75,0,1,849335,1,849335.0,0.9166666666666666,13.652210146718577
53,0,28.1,3,0,2123815,1,530953.75,0.530188679245283,14.568725028589574
58,1,32.01,1,0,1452072,0,726036.0,0.5518965517241379,14.188502748585202
44,1,27.4,2,0,1419204,1,473068.0,0.6227272727272727,14.165607413642858
57,1,34.01,0,0,2342550,0,2342550.0,0.5966666666666667,14.666751064469242
29,0,29.59,1,0,691777,1,345888.5,1.0203448275862068,13.447020373880957
21,1,35.53,0,0,215615,0,215615.0,1.691904761904762,12.281254326766225
22,0,39.805,0,0,329413,0,329413.0,1.8093181818181818,12.705070597340425
41,0,32.965,0,0,2478957,1,2478957.0,0.8040243902439025,14.723348868558356
31,1,26.885,1,0,702786,0,351393.0,0.8672580645161291,13.462809137685184
45,0,38.285,0,0,2419380,1,2419380.0,0.8507777777777777,14.699022280290308
22,1,37.62,1,1,497365,1,248682.5,1.71,13.11708145256677
48,0,41.23,4,0,2367031,1,473406.2,0.8589583333333333,14.677147407627382
37,0,34.8,2,1,731989,1,243996.33333333334,0.9405405405405405,13.503522131647948
45,1,22.895,2,1,1737655,1,579218.3333333334,0.5087777777777778,14.36804763656339
57,0,31.16,0,1,2193034,1,2193034.0,0.5466666666666666,14.600796987144989
56,0,27.2,0,0,1991077,0,1991077.0,0.4857142857142857,14.504186758572283
46,0,27.74,0,0,1581204,1,1581204.0,0.6030434782608696,14.273697772554993
55,0,26.98,0,0,1864504,0,1864504.0,0.49054545454545456,14.438506160281515
21,0,39.49,0,0,233698,0,233698.0,1.8804761904761906,12.361789241527637
53,0,24.795,1,0,1681560,1,840780.0,0.4678301886792453,14.335233086637974
59,1,29.83,3,1,2117848,1,529462.0,0.505593220338983,14.565911508928698
35,1,34.77,2,0,707394,1,235798.0,0.9934285714285715,13.469344487591698
64,0,31.3,2,1,569767,1,189922.33333333334,0.4890625,13.25298453941275
28,0,37.62,1,0,993951,1,496975.5,1.3435714285714284,13.809444194734294
54,0,30.8,3,0,2064159,1,516039.75,0.5703703703703704,14.540233921958963
55,1,38.28,0,0,1254314,0,1254314.0,0.6960000000000001,14.042100164802775
56,1,19.95,0,1,1394491,1,1394491.0,0.35625,14.148040749209992
38,1,19.3,0,1,937073,1,937073.0,0.5078947368421053,13.750517533555737
41,0,31.6,0,0,2079222,1,2079222.0,0.7707317073170732,14.547504824195137
30,1,25.46,0,0,919365,1,919365.0,0.8486666666666667,13.731439581030916
18,0,30.115,0,0,85661,0,85661.0,1.6730555555555555,11.358164599017275
61,0,29.92,3,1,910759,1,227689.75,0.4904918032786886,13.722034694772102
34,0,27.5,1,0,919095,1,459547.5,0.8088235294117647,13.731145857253171
20,1,28.025,1,1,396535,0,198267.5,1.4012499999999999,12.890522110386923
19,0,28.4,1,0,93077,0,46538.5,1.4947368421052631,11.441193130292387
26,1,30.875,2,0,910606,1,303535.3333333333,1.1875,13.721866689092455
29,1,27.94,0,0,755549,1,755549.0,0.963448275862069,13.535201239841907
63,1,35.09,0,1,598733,0,598733.0,0.556984126984127,13.30257270501201
54,1,33.63,1,0,2241805,0,1120902.5,0.6227777777777779,14.622792348986284
55,0,29.7,2,0,1780447,1,593482.3333333334,0.54,14.392375575994071
37,1,30.8,0,0,826698,1,826698.0,0.8324324324324325,13.625195941611391
21,0,35.72,0,0,285748,0,285748.0,1.700952380952381,12.56286908208838
52,1,32.205,3,0,1935439,1,483859.75,0.619326923076923,14.475845248777668
60,1,28.595,0,0,871463,0,871463.0,0.4765833333333333,13.677929834999508
29,0,27.94,1,1,891387,1,445693.5,0.963448275862069,13.700535077434045
49,0,27.17,0,0,1664806,0,1664806.0,0.5544897959183673,14.325219758761996
37,0,23.37,2,0,720558,1,240186.0,0.6316216216216216,13.48778257864718
44,1,37.1,2,0,1871651,1,623883.6666666666,0.8431818181818183,14.442332021302708
18,1,23.75,0,0,24706,0,24706.0,1.3194444444444444,10.11484188327536
20,0,28.975,0,0,471766,0,471766.0,1.44875,13.06424049861755
44,1,31.35,1,1,2275041,1,1137520.5,0.7125,14.637509071735238
47,0,33.915,3,0,1528342,1,382085.5,0.7215957446808511,14.239694699957328
26,0,28.785,0,0,1175954,0,1175954.0,1.1071153846153847,13.977591141402451
19,0,28.3,0,1,6095,0,6095.0,1.4894736842105263,8.715388097366482
52,0,37.4,0,0,2384351,0,2384351.0,0.7192307692307692,14.684437947274752
32,0,17.765,2,1,896036,1,298678.6666666667,0.55515625,13.705736985747324
38,1,34.7,2,0,788944,1,262981.3333333333,0.9131578947368422,13.5784518889065
59,0,26.505,0,0,2310993,0,2310993.0,0.4492372881355932,14.65318829297448
61,0,22.04,0,0,768843,0,768843.0,0.36131147540983605,13.552643367050477
53,0,35.9,2,0,1348048,1,449349.3333333333,0.6773584905660377,14.114168919942106
19,1,25.555,0,0,49734,0,49734.0,1.345,10.814464189586515
20,0,28.785,0,0,233081,0,233081.0,1.43925,12.359145601965004
22,0,28.05,0,0,361178,0,361178.0,1.2750000000000001,12.797128959299915
19,1,34.1,0,0,69794,0,69794.0,1.7947368421052632,11.153317652946859
22,1,25.175,0,0,325758,0,325758.0,1.1443181818181818,12.693913123154932
54,0,31.9,3,0,1776379,1,444094.75,0.5907407407407407,14.390088143611193
22,0,36.0,0,0,471305,1,471305.0,1.6363636363636365,13.063262843575535
34,1,22.42,2,0,1032030,1,344010.0,0.6594117647058824,13.84703926333218
26,1,32.49,1,0,1066449,1,533224.5,1.2496153846153848,13.879845933469168
34,1,25.3,2,1,1009710,1,336570.0,0.7441176470588236,13.825174709258116
29,1,29.735,2,0,1197831,1,399277.0,1.025344827586207,13.996023814100992
30,1,28.69,3,1,721256,1,180314.0,0.9563333333333334,13.488750802129967
29,0,38.83,3,0,509078,1,127269.5,1.3389655172413792,13.140358489776247
46,1,30.495,3,1,1709887,1,427471.75,0.6629347826086956,14.351938429257793
51,0,37.73,1,0,1774582,1,887291.0,0.7398039215686274,14.389076023713912
53,0,37.43,1,0,1369052,1,684526.0,0.7062264150943396,14.129629817911269
19,1,28.4,1,0,90240,0,45120.0,1.4947368421052631,11.410239148230769
35,1,24.13,1,0,1116695,1,558347.5,0.6894285714285714,13.92588488344484
48,1,29.7,0,0,2238239,0,2238239.0,0.61875,14.621200400710258
32,0,37.145,3,0,526885,1,131721.25,1.16078125,13.174739485337637
42,0,23.37,0,1,2464963,1,2464963.0,0.5564285714285715,14.717687760889806
40,0,25.46,1,0,1471042,1,735521.0,0.6365000000000001,14.201482230971425
44,1,39.52,0,0,2038472,1,2038472.0,0.8981818181818183,14.527711556120616
48,1,24.42,0,1,1988235,1,1988235.0,0.50875,14.502758371426554
18,1,25.175,0,1,45689,0,45689.0,1.3986111111111112,10.729634734557317
30,1,35.53,0,1,1170798,1,1170798.0,1.1843333333333335,13.97319697968266
50,0,27.83,3,0,2325468,1,581367.0,0.5566,14.659432297090872
42,0,26.6,0,1,1563790,1,1563790.0,0.6333333333333334,14.262623559444325
18,0,36.85,0,1,40630,0,40630.0,2.0472222222222225,10.612286601034295
54,1,39.6,1,0,1481842,1,740921.0,0.7333333333333334,14.208797141304624
32,0,29.8,2,0,807042,1,269014.0,0.93125,13.601132229599594
37,1,29.64,0,0,655161,0,655161.0,0.8010810810810811,13.392637812281075
47,1,28.215,4,0,1347631,1,269526.2,0.6003191489361702,14.113859536151276
32,0,33.155,3,0,755011,1,188752.75,1.03609375,13.534488922144588
19,0,31.825,1,0,58344,0,29172.0,1.675,10.974128944240208
27,1,18.905,3,0,797771,1,199442.75,0.7001851851851852,13.589578121322129
63,1,41.47,0,0,984662,0,984662.0,0.6582539682539682,13.800054729634033
49,1,30.3,0,0,2131399,0,2131399.0,0.6183673469387755,14.572289598768993
18,1,15.96,0,0,74469,0,74469.0,0.8866666666666667,11.218151638704692
35,0,34.8,1,0,1079655,1,539827.5,0.9942857142857142,13.892153029844087
24,0,33.345,0,0,215384,0,215384.0,1.389375,12.280182403396587
63,0,37.7,0,1,809370,1,809370.0,0.5984126984126985,13.604012681772886
38,1,27.835,2,0,825246,1,275082.0,0.7325,13.62343801444679
54,1,29.2,1,0,2009960,1,1004980.0,0.5407407407407407,14.513625876861944
46,0,28.9,2,0,2038989,1,679663.0,0.6282608695652173,14.527965145179682
41,0,33.155,3,0,2091985,1,522996.25,0.8086585365853659,14.553624411983947
58,1,28.595,0,0,2017417,0,2017417.0,0.4930172413793103,14.517329033938402
18,0,38.28,0,0,936,0,936.0,2.126666666666667,6.842683282238422
22,1,19.95,3,0,495222,0,123805.5,0.9068181818181817,13.1127634451544
44,0,26.41,0,0,1796467,1,1796467.0,0.6002272727272727,14.401333072964043
44,1,30.69,2,0,2321916,1,773972.0,0.6975,14.657903695553731
36,1,41.895,3,1,570282,1,142570.5,1.16375,13.253888007827813
26,0,29.92,2,0,715651,1,238550.33333333334,1.1507692307692308,13.480949294270653
30,0,30.9,3,0,1000334,1,250083.5,1.03,13.815845501864302
41,0,32.2,1,0,1721346,1,860673.0,0.7853658536585366,14.358617681830761
29,0,32.11,2,0,1030468,1,343489.3333333333,1.1072413793103448,13.845524596375933
61,1,31.57,0,0,999227,0,999227.0,0.5175409836065574,13.814738259818819
36,0,26.2,0,0,684503,1,684503.0,0.7277777777777777,13.436449767375086
25,1,25.74,0,0,525509,0,525509.0,1.0295999999999998,13.172124498613803
56,0,26.6,1,0,2019835,0,1009917.5,0.47500000000000003,14.518526877962643
18,1,34.43,0,0,4911,0,4911.0,1.9127777777777777,8.499436469826978
19,1,30.59,0,0,72431,0,72431.0,1.61,11.19040346967574
39,0,32.8,0,0,867944,1,867944.0,0.8410256410256409,13.6738836275796
45,0,28.6,2,0,2361275,1,787091.6666666666,0.6355555555555555,14.674712708854228
51,0,18.05,0,0,2241435,1,2241435.0,0.353921568627451,14.622627289861285
64,0,39.33,0,0,876734,0,876734.0,0.61453125,13.683960059216208
19,0,32.11,0,0,6152,0,6152.0,1.69,8.724695046740491
48,0,32.23,1,0,1760688,0,880344.0,0.6714583333333333,14.381215767679826
60,0,24.035,0,0,775082,0,775082.0,0.40058333333333335,13.560725399375228
27,0,36.08,0,1,1059041,1,1059041.0,1.3362962962962963,13.872875283853762
46,1,22.3,0,0,1748866,1,1748866.0,0.4847826086956522,14.374478707655888
28,0,28.88,1,0,945647,1,472823.5,1.0314285714285714,13.759625685766974
59,1,26.4,0,0,1525299,0,1525299.0,0.44745762711864406,14.237701669988024
35,1,27.74,2,1,852358,1,284119.3333333333,0.7925714285714285,13.655763078565972
63,0,31.8,0,0,706396,0,706396.0,0.5047619047619047,13.467932681377253
40,1,41.23,1,0,1505919,1,752959.5,1.0307499999999998,14.22491456508108
20,1,33.0,1,0,404165,0,202082.5,1.65,12.909580963639769
40,1,30.875,4,0,2265723,1,453144.6,0.771875,14.633404912622234
24,1,28.5,2,0,332016,0,110672.0,1.1875,12.71294145140698
34,0,26.73,1,0,780508,1,390254.0,0.7861764705882353,13.567701549940969
45,0,30.9,2,0,2284615,1,761538.3333333334,0.6866666666666666,14.641708515671624
41,0,37.1,2,0,1962728,1,654242.6666666666,0.9048780487804878,14.489846409729287
53,0,26.6,0,0,1735233,0,1735233.0,0.5018867924528302,14.366652832585917
27,1,23.1,0,0,956324,1,956324.0,0.8555555555555556,13.770853092419852
26,0,29.92,1,0,635577,1,317788.5,1.1507692307692308,13.362290100081527
24,0,23.21,0,0,434355,0,434355.0,0.9670833333333334,12.981619753337334
34,0,33.7,1,0,1016428,1,508214.0,0.9911764705882353,13.8318060620951
53,0,33.25,0,0,1802298,0,1802298.0,0.6273584905660378,14.404573630134157
32,1,30.8,3,0,817329,1,204332.25,0.9625,13.613798209058388
19,1,34.8,0,1,68624,0,68624.0,1.831578947368421,11.136412178811831
42,1,24.64,0,1,1219044,1,1219044.0,0.5866666666666667,14.01357832328656
55,1,33.88,3,0,2486599,1,621649.75,0.616,14.726426873500975
28,1,38.06,0,0,775940,1,775940.0,1.3592857142857144,13.561831765347023
58,0,41.91,0,0,1236907,0,1236907.0,0.7225862068965516,14.028125275124545
41,0,31.635,1,0,1563723,1,781861.5,0.7715853658536586,14.262580713926392
47,1,25.46,2,0,1858628,1,619542.6666666666,0.5417021276595745,14.435349677125798
42,0,36.195,1,0,2403806,1,1201903.0,0.8617857142857143,14.692564288552497
59,0,27.83,3,0,2274935,1,568733.75,0.47169491525423723,14.637462478103348
19,0,17.8,0,0,27543,0,27543.0,0.9368421052631579,10.223540005018359
59,1,27.5,1,0,1464016,0,732008.0,0.4661016949152542,14.196694585457832
39,1,24.51,2,0,947758,1,315919.3333333333,0.6284615384615385,13.761855529508644
40,0,22.22,2,1,1522039,1,507346.3333333333,0.5555,14.235562098267359
18,0,26.73,0,0,86921,0,86921.0,1.485,11.372766443769706
31,1,38.39,2,0,614122,1,204707.33333333334,1.2383870967741937,13.327950512799658
19,1,29.07,0,1,52679,0,52679.0,1.53,10.871991155857218
44,1,38.06,1,0,2271880,1,1135940.0,0.8650000000000001,14.636118680690906
23,0,36.67,2,1,330816,1,110272.0,1.5943478260869566,12.709320631379542
33,0,22.135,1,0,1078144,1,539072.0,0.6707575757575758,13.890752529754437
55,0,26.8,1,0,2198640,1,1099320.0,0.4872727272727273,14.603350000183717
40,1,35.3,3,0,1540451,1,385112.75,0.8825,14.247586437818713
63,0,27.74,0,1,756525,0,756525.0,0.4403174603174603,13.536492180423656
54,1,30.02,0,0,1713660,0,1713660.0,0.5559259259259259,14.354142575614405
60,0,38.06,0,0,635842,0,635842.0,0.6343333333333334,13.362706956502551
24,1,35.86,0,0,461582,0,461582.0,1.4941666666666666,13.042417165074967
19,1,20.9,1,0,51505,0,25752.5,1.0999999999999999,10.849453584720033
29,1,28.975,1,0,811946,1,405973.0,0.9991379310344828,13.607190346077614
18,1,17.29,2,1,95571,1,31857.0,0.9605555555555555,11.467635169110421
63,0,32.2,2,1,651858,1,217286.0,0.5111111111111112,13.387583559853017
54,1,34.21,2,1,2454147,1,818049.0,0.6335185185185185,14.713290212132888
27,1,30.3,3,0,822494,1,205623.5,1.1222222222222222,13.620097682575832
50,1,31.825,0,1,1243042,1,1243042.0,0.6365,14.033072963619357
55,0,25.365,3,0,1215093,1,303773.25,0.46118181818181814,14.010331998019316
56,1,33.63,0,1,1545400,0,1545400.0,0.6005357142857143,14.250793981563072
38,0,40.15,0,0,727916,1,727916.0,1.056578947368421,13.497942309690066
51,1,24.415,4,0,1787577,1,357515.4,0.4787254901960784,14.396372188961898
19,1,31.92,0,1,97645,0,97645.0,1.6800000000000002,11.489103972844227
58,0,25.2,0,0,2033982,0,2033982.0,0.43448275862068964,14.525506497640277
20,0,26.84,1,1,486230,0,243115.0,1.342,13.094439098601235
52,1,24.32,3,1,2193611,1,548402.75,0.4676923076923077,14.601060058234742
19,1,36.955,0,1,49689,0,49689.0,1.9449999999999998,10.813558984596366
53,0,38.06,3,0,2317906,1,579476.5,0.7181132075471699,14.656175181283185
46,1,42.35,3,1,1404356,1,351089.0,0.9206521739130435,14.155090104750139
40,1,19.8,1,1,1935789,1,967894.5,0.495,14.476026069860866
59,0,32.395,3,0,2464331,0,616082.75,0.5490677966101696,14.717431334818635
45,1,30.2,1,0,1704590,1,852295.0,0.6711111111111111,14.34883575722535
49,1,25.84,1,0,2397373,0,1198686.5,0.5273469387755102,14.689884529614156
18,1,29.37,1,0,90658,0,45329.0,1.6316666666666668,11.414860494211196
50,1,34.2,2,1,1702328,1,567442.6666666666,0.684,14.347507871432683
41,1,37.05,2,0,1726953,1,575651.0,0.9036585365853658,14.36186972098948
50,1,27.455,1,0,1502807,1,751403.5,0.5490999999999999,14.222845916064108
25,1,27.55,0,0,902452,0,902452.0,1.102,13.712871890270764
47,0,26.6,2,0,2006667,1,668889.0,0.5659574468085107,14.5119861930685
19,1,20.615,2,0,86767,0,28922.333333333332,1.085,11.370993169080842
22,0,24.3,0,0,356238,0,356238.0,1.1045454545454545,12.783357132895304
59,1,31.79,2,0,2453450,1,817816.6666666666,0.5388135593220339,14.713006162843334
51,0,21.56,1,0,2393353,0,1196676.5,0.42274509803921567,14.688206287416508
40,0,28.12,1,1,1433535,1,716767.5,0.7030000000000001,14.175654677349138
54,1,40.565,3,1,2126278,1,531569.5,0.7512037037037037,14.56988406163506
30,1,27.645,1,0,525820,1,262910.0,0.9215,13.17271612962073
55,0,32.395,1,0,2029452,1,1014726.0,0.5890000000000001,14.523276856579526
52,0,31.2,0,0,1283685,0,1283685.0,0.6,14.065246185038632
46,1,26.62,1,0,2377424,1,1188712.0,0.578695652173913,14.68152852716278
46,0,48.07,2,0,1837793,1,612597.6666666666,1.045,14.424076497270494
63,0,26.22,0,0,976339,0,976339.0,0.41619047619047617,13.791566165387483
59,0,36.765,1,1,1205886,1,602943.0,0.623135593220339,14.002725953703532
52,1,26.4,3,0,1507464,1,376866.0,0.5076923076923077,14.225939990066856
28,0,33.4,0,0,1089351,1,1089351.0,1.1928571428571428,13.901093582010017
29,1,29.64,1,0,866734,1,433367.0,1.0220689655172415,13.672488557369253
25,1,45.54,2,1,722101,1,240700.33333333334,1.8215999999999999,13.489921682134925
22,0,28.82,0,0,384565,0,384565.0,1.31,12.859870704692852
25,1,26.8,3,0,929483,1,232370.75,1.072,13.742384872439805
18,1,22.99,0,0,77499,0,77499.0,1.277222222222222,11.258033215341438
19,1,27.7,0,1,18665,0,18665.0,1.4578947368421051,9.834458966125691
47,1,25.41,1,1,1468712,1,734356.0,0.5406382978723404,14.199897065067933
31,1,34.39,3,1,709062,1,177265.5,1.1093548387096774,13.471699659112506
48,0,28.88,1,0,1803409,0,901704.5,0.6016666666666667,14.405189875114083
36,1,27.55,3,0,676984,1,169246.0,0.7652777777777778,13.425404395075835
53,0,22.61,3,1,1454279,1,363569.75,0.42660377358490564,14.190021490750533
56,0,37.51,2,0,1543177,1,514392.3333333333,0.6698214285714286,14.249354484380799
28,0,33.0,2,0,1015503,1,338501.0,1.1785714285714286,13.83089559894115
57,0,38.0,2,0,1809837,1,603279.0,0.6666666666666666,14.408747896473967
29,1,33.345,2,0,710571,1,236857.0,1.1498275862068965,13.473825558471596
28,0,27.5,2,0,1024581,1,341527.0,0.9821428571428571,13.839795282501575
30,0,33.33,1,0,888576,1,444288.0,1.111,13.697376585736855
58,1,34.865,0,0,1249515,1,1249515.0,0.6011206896551724,14.038266834297207
41,0,33.06,2,0,2080534,1,693511.3333333334,0.8063414634146342,14.548135630142745
50,1,26.6,0,0,1882195,0,1882195.0,0.532,14.447949738231896
19,0,24.7,0,0,12696,0,12696.0,1.3,9.449121024069791
43,1,35.97,3,1,2061786,1,515446.5,0.8365116279069768,14.539083640454304
49,1,35.86,0,0,2329231,0,2329231.0,0.7318367346938776,14.661049157473432
27,0,31.4,0,1,1009449,1,1009449.0,1.162962962962963,13.82491618603837
52,1,33.25,0,0,1756730,0,1756730.0,0.6394230769230769,14.378965253569744
50,1,32.205,0,0,1770680,1,1770680.0,0.6441,14.386874776317052
54,1,32.775,0,0,1826486,0,1826486.0,0.6069444444444444,14.417905007754422
44,0,27.645,0,0,1773084,0,1773084.0,0.6282954545454545,14.388231525249553
32,1,37.335,1,0,863205,1,431602.5,1.16671875,13.66840864378235
34,1,25.27,1,0,1080434,1,540217.0,0.743235294117647,13.892874295784985
26,0,29.64,4,0,795263,1,159052.6,1.1400000000000001,13.58642941398331
34,1,30.8,0,1,976641,1,976641.0,0.9058823529411765,13.791875436033507
57,1,40.945,0,0,1502904,1,1502904.0,0.7183333333333334,14.222910459817976
29,1,27.2,0,0,768915,0,768915.0,0.9379310344827586,13.552737009751617
40,1,34.105,1,0,2038443,1,1019221.5,0.852625,14.527697329684317
27,0,23.21,1,0,757290,1,378645.0,0.8596296296296296,13.537502870705401
45,1,36.48,2,1,1217990,1,405996.6666666667,0.8106666666666666,14.012713338062118
64,0,33.8,1,1,839832,1,419916.0,0.528125,13.640958341530453
52,1,36.7,0,0,1222130,0,1222130.0,0.7057692307692308,14.016106614277357
61,0,36.385,1,1,709950,0,354975.0,0.5964754098360655,13.47295123255141
52,1,27.36,0,1,2111745,0,2111745.0,0.5261538461538462,14.56302565142434
61,0,31.16,0,0,691860,0,691860.0,0.5108196721311475,13.447140347371295
56,0,28.785,0,0,1978526,0,1978526.0,0.5140178571428572,14.497863186416547
43,0,35.72,2,0,1574961,1,524987.0,0.8306976744186046,14.269741702966684
64,1,34.5,0,0,516190,0,516190.0,0.5390625,13.154232131011984
60,1,25.74,0,0,784506,0,784506.0,0.429,13.572810773996231
62,1,27.55,1,0,770327,0,385163.5,0.44435483870967746,13.554571677154662
50,1,32.3,1,1,1545928,1,772964.0,0.6459999999999999,14.251135582107262
46,0,27.72,1,0,2079070,1,1039535.0,0.6026086956521739,14.547431717291168
24,0,27.6,0,0,224739,0,224739.0,1.1500000000000001,12.322699457461894
62,1,30.02,0,0,528979,0,528979.0,0.4841935483870968,13.178705902942362
60,0,27.55,0,0,837257,0,837257.0,0.45916666666666667,13.637887545701874
63,1,36.765,0,0,990734,1,990734.0,0.5835714285714286,13.806202370892649
49,0,41.47,4,0,2147056,1,429411.2,0.8463265306122448,14.579608625181075
34,0,29.26,3,0,772941,1,193235.25,0.8605882352941177,13.557959292412965
33,1,35.75,2,0,733595,1,244531.66666666666,1.0833333333333333,13.505713747346823
46,1,33.345,1,0,1503096,1,751548.0,0.7248913043478261,14.223038204244135
36,0,29.92,1,0,1096087,1,548043.5,0.8311111111111111,13.907258035237673
19,1,27.835,0,0,37224,0,37224.0,1.465,10.52473585755221
57,0,23.18,0,0,2435710,0,2435710.0,0.4066666666666667,14.70574926366397
50,0,25.6,0,0,1864493,0,1864493.0,0.512,14.438500260574918
30,0,27.7,0,0,525495,0,525495.0,0.9233333333333333,13.172097857471886
33,1,35.245,0,0,882342,1,882342.0,1.0680303030303029,13.690336148280132
18,0,38.28,0,0,37062,0,37062.0,2.126666666666667,10.520374446374209
46,1,27.6,0,0,1776201,1,1776201.0,0.6,14.389987934805232
46,1,43.89,3,0,2138755,1,534688.75,0.9541304347826087,14.575734909561577
47,1,29.83,3,0,1959917,1,489979.25,0.6346808510638298,14.488413193596825
23,1,41.91,0,0,430804,1,430804.0,1.8221739130434782,12.973410830510852
18,0,20.79,0,0,54073,0,54073.0,1.155,10.898108757816239
48,0,32.3,2,0,1375792,1,458597.3333333333,0.6729166666666666,14.134540850112277
35,1,30.5,1,0,543323,1,271661.5,0.8714285714285714,13.205461106053184
19,0,21.7,0,1,35391,0,35391.0,1.1421052631578947,10.474241084882006
21,0,26.4,1,0,494424,0,247212.0,1.2571428571428571,13.111150750190225
21,0,21.89,2,0,260602,0,86867.33333333333,1.0423809523809524,12.470753455502246
49,0,30.78,1,0,2433124,1,1216562.0,0.6281632653061224,14.704686997346856
56,0,32.3,3,0,1604520,1,401130.0,0.5767857142857142,14.288335827635866
42,0,24.985,2,0,1450428,1,483476.0,0.5948809523809524,14.187369932707172
44,1,32.015,2,0,1780003,1,593334.3333333334,0.7276136363636364,14.392126169456754
18,1,30.4,3,0,89664,0,22416.0,1.6888888888888889,11.403835782382524
61,0,21.09,0,0,933909,0,933909.0,0.3457377049180328,13.74713535282504
57,0,22.23,0,0,2085279,0,2085279.0,0.39,14.550413696764547
42,0,33.155,1,0,1837673,1,918836.5,0.7894047619047619,14.424011199463498
26,1,32.9,2,1,1087785,1,362595.0,1.2653846153846153,13.899654995875308
20,1,33.33,0,0,261013,0,261013.0,1.6664999999999999,12.472329324713009
23,0,28.31,0,1,493371,0,493371.0,1.2308695652173913,13.109018732379141
39,0,24.89,3,1,702811,1,175702.75,0.6382051282051282,13.462844709708218
24,1,40.15,0,1,419672,1,419672.0,1.6729166666666666,12.947231115586836
64,0,30.115,3,0,985018,0,246254.5,0.470546875,13.80041620930829
62,1,31.46,1,0,883131,0,441565.5,0.5074193548387097,13.69122995878725
27,0,17.955,2,1,599865,1,199955.0,0.6649999999999999,13.304461575922348
55,1,30.685,0,1,2174735,1,2174735.0,0.5579090909090909,14.592417835827511
55,1,33.0,0,0,1663779,1,1663779.0,0.6,14.324602680084114
35,0,43.34,2,0,813029,1,271009.6666666667,1.2382857142857144,13.60852328821815
44,1,22.135,2,0,2039912,1,679970.6666666666,0.5030681818181818,14.528417717852165
19,1,34.4,0,0,45169,0,45169.0,1.8105263157894735,10.71818842864865
58,0,39.05,0,0,1707923,0,1707923.0,0.6732758620689655,14.350789155853535
50,1,25.365,2,0,2152143,1,717381.0,0.5073,14.581975112523278
26,0,22.61,0,0,1066273,1,1066273.0,0.8696153846153846,13.879680886327204
24,0,30.21,3,0,247147,0,61786.75,1.25875,12.417742626450694
48,1,35.625,4,0,2168806,1,433761.2,0.7421875,14.589687804752678
19,0,37.43,0,0,74188,0,74188.0,1.97,11.214371170187217
48,1,31.445,1,0,2103922,1,1051961.0,0.6551041666666667,14.559314255211877
49,1,31.35,1,0,1663797,0,831898.5,0.639795918367347,14.324613498763645
46,0,32.3,2,0,2150218,1,716739.3333333334,0.7021739130434782,14.581080255381536
46,1,19.855,0,0,1971312,0,1971312.0,0.4316304347826087,14.494210376165308
43,0,34.4,3,0,1806884,1,451721.0,0.7999999999999999,14.40711492615459
21,1,31.02,0,0,321807,0,321807.0,1.477142857142857,12.681710373393003
64,1,25.6,2,0,554066,0,184688.66666666666,0.4,13.225040897045094
18,0,38.17,0,0,4759,0,4759.0,2.1205555555555557,8.468002947225466
51,0,20.6,0,0,1510911,0,1510911.0,0.403921568627451,14.228223999982447
47,1,47.52,1,0,1542985,1,771492.5,1.011063829787234,14.249230058070175
64,0,32.965,0,0,923756,0,923756.0,0.515078125,13.736204329023685
49,1,32.3,3,0,1898306,1,474576.5,0.6591836734693877,14.456472994281711
31,1,20.4,0,0,508565,1,508565.0,0.6580645161290322,13.139350279558627
52,0,38.38,2,0,1852527,1,617509.0,0.7380769230769231,14.432061750748005
33,0,24.31,0,0,679823,1,679823.0,0.7366666666666666,13.429589220122287
47,0,23.6,1,0,1940803,1,970401.5,0.5021276595744681,14.47861287817557
38,1,21.12,3,0,1049445,1,262361.25,0.5557894736842105,13.863772963846179
32,1,30.03,1,0,1087981,1,543990.5,0.9384375,13.899835162143523
19,1,17.48,0,0,62246,0,62246.0,0.92,11.03886562039456
44,0,20.235,1,1,2222908,1,1111454.0,0.45988636363636365,14.614327256435931
26,0,17.195,2,1,1198865,1,399621.6666666667,0.6613461538461538,13.996886667964226
19,0,35.15,0,0,59498,0,59498.0,1.8499999999999999,10.993714784669798
43,0,35.64,1,0,1453182,1,726591.0,0.8288372093023256,14.189266880939812
52,1,34.1,0,0,2188364,0,2188364.0,0.6557692307692308,14.598665247624062
36,0,22.6,2,1,1118508,1,372836.0,0.6277777777777778,13.927507106370784
64,1,39.16,1,0,809493,1,404746.5,0.611875,13.604164640089653
63,0,26.98,0,1,506025,0,506025.0,0.4282539682539683,13.134343330348731
64,1,33.88,0,1,657811,0,657811.0,0.529375,13.396674455197637
61,1,35.86,0,1,913489,0,913489.0,0.5878688524590164,13.725027707832782
40,1,32.775,1,1,2031795,1,1015897.5,0.819375,14.524430688939937
25,1,30.59,0,0,925368,0,925368.0,1.2236,13.737947855866484
48,1,30.2,2,0,1665501,1,555167.0,0.6291666666666667,14.32563713745574
38,0,27.265,1,0,575479,0,287739.5,0.7175,13.26295975415097
18,0,29.165,0,0,52125,0,52125.0,1.6202777777777777,10.861419143569357
21,0,16.815,1,0,319146,0,159573.0,0.8007142857142858,12.673407090671356
27,0,30.4,3,0,874111,1,218527.75,1.1259259259259258,13.680963792880707
19,1,33.1,0,0,76689,0,76689.0,1.7421052631578948,11.247526600758905
29,0,20.235,2,0,1158639,1,386213.0,0.6977586206896551,13.962757461474737
42,1,26.9,0,0,1230504,0,1230504.0,0.6404761904761904,14.022935212193858
60,0,30.5,0,0,953451,0,953451.0,0.5083333333333333,13.767844361905967
31,1,28.595,1,0,538032,1,269016.0,0.9224193548387096,13.195675175552768
60,1,33.11,3,0,909770,0,227442.5,0.5518333333333333,13.720948198472625
22,1,31.73,0,0,420134,0,420134.0,1.4422727272727274,12.948331367183883
35,1,28.9,3,0,1066763,1,266690.75,0.8257142857142856,13.880140324938818
26,1,29.45,0,0,575945,0,575945.0,1.1326923076923077,13.263769185283222
31,0,32.68,1,0,673991,1,336995.5,1.0541935483870968,13.4209735203878
33,0,33.5,0,1,682265,1,682265.0,1.0151515151515151,13.433174890109447
18,1,43.01,0,0,55745,0,55745.0,2.3894444444444445,10.928560937869367
59,0,36.52,1,0,1676776,1,838388.0,0.6189830508474576,14.332384056411733
56,1,26.695,1,1,2488240,1,1244120.0,0.4766964285714286,14.72708659310187
45,0,33.1,0,0,1235763,1,1235763.0,0.7355555555555556,14.027199960257368
60,1,29.64,0,0,542575,0,542575.0,0.494,13.204083446750658
56,0,25.65,0,0,2261329,0,2261329.0,0.45803571428571427,14.631463693728076
40,0,29.6,0,0,1928518,1,1928518.0,0.74,14.472262908798635
35,1,38.6,1,0,951081,1,475540.5,1.102857142857143,13.765355562836652
39,1,29.6,4,0,1146459,1,229291.8,0.758974358974359,13.952189491879492
30,1,24.13,1,0,1069245,1,534622.5,0.8043333333333333,13.882464285142246
24,1,23.4,0,0,240368,0,240368.0,0.975,12.38993052158111
20,1,29.735,0,0,449106,0,449106.0,1.48675,13.01501644568337
32,1,46.53,2,0,881247,1,293749.0,1.4540625,13.689094363602495
59,1,37.4,0,0,1931647,0,1931647.0,0.6338983050847458,14.473884082538168
55,0,30.14,2,0,2468116,1,822705.3333333334,0.548,14.718966069690879
57,0,30.495,0,0,2218758,0,2218758.0,0.535,14.612458588535665
56,1,39.6,0,0,1564928,1,1564928.0,0.7071428571428572,14.263351013515118
40,0,33.0,3,0,1521240,1,380310.0,0.825,14.235037007079027
49,0,36.63,3,0,1352322,1,338080.5,0.7475510204081633,14.117334412377158
42,1,30.0,0,1,1622968,1,1622968.0,0.7142857142857143,14.299767745883013
62,0,38.095,2,0,507032,1,169010.66666666666,0.6144354838709677,13.136331369212535
56,1,25.935,0,0,1912429,0,1912429.0,0.46312499999999995,14.463885242705794
19,1,25.175,0,0,1942,0,1942.0,1.325,7.57198844937744
30,0,28.38,1,1,561472,1,280736.0,0.946,13.238318966519184
60,0,28.7,1,0,737042,0,368521.0,0.47833333333333333,13.510401514109926
56,0,33.82,2,0,2290628,1,763542.6666666666,0.6039285714285715,14.644337010303923
28,0,24.32,1,0,572443,0,286221.5,0.8685714285714285,13.25767019303229
18,0,24.09,1,0,52176,0,26088.0,1.3383333333333334,10.862397063745467
27,1,32.67,0,0,715568,0,715568.0,1.21,13.480833309387686
18,0,30.115,0,0,33405,0,33405.0,1.6730555555555555,10.416490803549893
19,0,29.8,0,0,6084,0,6084.0,1.568421052631579,8.713582005421628
47,0,33.345,0,0,1764312,1,1764312.0,0.7094680851063829,14.3832719374504
54,1,25.1,3,1,2113678,1,528419.5,0.46481481481481485,14.563940589038827
61,1,28.31,1,1,533941,1,266970.5,0.4640983606557377,13.18804249781117
24,1,28.5,0,1,327694,0,327694.0,1.1875,12.699838576712708
25,1,35.625,0,0,1003903,1,1003903.0,1.425,13.819406957132284
21,1,36.85,0,0,481626,0,481626.0,1.7547619047619047,13.084925234528194
23,1,32.56,0,0,314039,0,314039.0,1.4156521739130437,12.657275645312192
63,1,41.325,3,0,816172,1,204043.0,0.655952380952381,13.612381621279264
49,1,37.51,2,0,1811146,1,603715.3333333334,0.7655102040816326,14.409470904195357
18,0,31.35,0,0,33756,0,33756.0,1.7416666666666667,10.42694308220214
51,0,39.5,1,0,1595444,1,797722.0,0.7745098039215687,14.282663252153897
48,1,34.3,3,0,1378456,1,344614.0,0.7145833333333332,14.136475315633387
31,0,31.065,0,0,865515,1,865515.0,1.0020967741935485,13.671081139851562
54,0,21.47,3,0,2477234,1,619308.5,0.39759259259259255,14.72265357680139
19,1,28.7,0,0,33071,0,33071.0,1.5105263157894737,10.40644228192155
44,0,38.06,0,1,1736176,1,1736176.0,0.8650000000000001,14.367196127530361
53,1,31.16,1,0,1611501,1,805750.5,0.5879245283018868,14.292677221316598
19,0,32.9,0,0,71499,0,71499.0,1.7315789473684209,11.177452728682098
61,0,25.08,0,0,514338,0,514338.0,0.4111475409836065,13.150637860114875
18,0,25.08,0,0,83126,0,83126.0,1.3933333333333333,11.328124837819091
61,1,43.4,0,0,904539,1,904539.0,0.7114754098360655,13.71518180616747
21,1,25.7,4,1,232201,0,46440.2,1.2238095238095237,12.355362961473261
20,1,27.93,0,0,269687,0,269687.0,1.3965,12.505021014255847
31,0,23.6,2,0,852343,1,284114.3333333333,0.7612903225806452,13.65574548019253
45,1,28.7,2,0,1987999,1,662666.3333333334,0.6377777777777778,14.502639666198656
44,0,23.98,2,0,1245616,1,415205.3333333333,0.545,14.035141547449896
62,0,39.2,0,0,662960,0,662960.0,0.6322580645161291,13.404471443908417
29,1,34.4,0,1,615665,1,615665.0,1.186206896551724,13.330459887675648
43,1,26.03,0,0,1258697,1,1258697.0,0.6053488372093023,14.045588411337363
51,1,23.21,1,1,2352533,1,1176266.5,0.4550980392156863,14.671003603047115
19,1,30.25,0,1,30459,0,30459.0,1.5921052631578947,10.324169626449153
38,0,28.93,1,0,1005920,1,502960.0,0.7613157894736842,13.821414097731234
37,1,30.875,3,0,608109,1,152027.25,0.8344594594594594,13.318111065636696
22,1,31.35,1,0,352702,0,176351.0,1.425,12.773381622000274
21,1,23.75,2,0,267905,0,89301.66666666667,1.130952380952381,12.498391451698478
24,0,25.27,0,0,467844,0,467844.0,1.0529166666666667,13.055892323460887
57,0,28.7,0,0,2272249,0,2272249.0,0.5035087719298246,14.636281087981017
56,1,32.11,1,0,1650344,0,825172.0,0.5733928571428571,14.316494914929397
27,1,33.66,0,0,1058863,0,1058863.0,1.2466666666666666,13.872707193295994
51,1,22.42,0,0,1539806,0,1539806.0,0.43960784313725493,14.247167641860694
19,1,30.4,0,0,69415,0,69415.0,1.5999999999999999,11.147872667473326
39,1,28.3,1,1,909800,1,454900.0,0.7256410256410256,13.720981173260105
58,1,35.7,0,0,2134892,0,2134892.0,0.6155172413793104,14.57392708629294
20,1,35.31,1,0,246282,0,123141.0,1.7655,12.414236560208062
45,1,30.495,2,0,2171828,1,723942.6666666666,0.6776666666666666,14.591080227654883
35,0,31.0,1,0,971926,1,485963.0,0.8857142857142857,13.787035977741555
31,1,30.875,0,0,1061794,0,1061794.0,0.9959677419354839,13.875471430135878
50,0,27.36,0,0,1775667,1,1775667.0,0.5472,14.389687248122428
32,0,44.22,0,0,635669,0,635669.0,1.381875,13.362434839739187
51,0,33.915,0,0,2145451,0,2145451.0,0.665,14.578860810756087
38,0,37.73,0,0,1044770,1,1044770.0,0.9928947368421052,13.859308280610662
42,1,26.07,1,1,2081692,1,1040846.0,0.6207142857142858,14.548692062913789
18,0,33.88,0,0,48753,0,48753.0,1.8822222222222225,10.794542524342022
19,0,30.59,2,0,57380,0,19126.666666666668,1.61,10.957468517058643
51,0,25.8,1,0,1292591,1,646295.5,0.5058823529411764,14.072160062715499
46,1,39.425,1,0,1437967,1,718983.5,0.8570652173913043,14.178741563886177
18,1,25.46,0,0,96848,0,96848.0,1.4144444444444444,11.480908343536612
57,1,42.13,1,1,1344945,1,672472.5,0.739122807017544,14.11186442151321
62,0,31.73,0,0,628931,0,628931.0,0.5117741935483872,13.351778421730367
59,1,29.7,2,0,2455654,1,818551.3333333334,0.5033898305084745,14.713904086069308
37,1,36.19,0,0,977518,1,977518.0,0.978108108108108,13.792773007992908
64,1,40.48,0,0,916769,0,916769.0,0.6325,13.72861190189413
38,1,28.025,1,0,880173,1,440086.5,0.7374999999999999,13.687874894181656
33,0,38.9,3,0,673061,1,168265.25,1.1787878787878787,13.4195927291979
46,0,30.2,2,0,2416344,1,805448.0,0.6565217391304348,14.697766625855422
46,0,28.05,1,0,1624780,1,812390.0,0.6097826086956522,14.300883595433017
53,1,31.35,0,0,1642678,0,1642678.0,0.5915094339622642,14.31183900361608
34,0,38.0,3,0,1153335,1,288333.75,1.1176470588235294,13.958169170501852
20,0,31.79,2,0,216479,0,72159.66666666667,1.5895,12.285253443404615
63,0,36.3,0,0,591062,0,591062.0,0.5761904761904761,13.289677889691738
54,0,47.41,0,1,2068181,1,2068181.0,0.877962962962963,14.542180518474947
54,1,30.21,0,0,1222758,1,1222758.0,0.5594444444444444,14.0166203388325
49,1,25.84,2,1,2224640,1,741546.6666666666,0.5273469387755102,14.615106112249832
28,1,35.435,0,0,588773,0,588773.0,1.2655357142857144,13.285797687813131
54,0,46.7,2,0,1749493,1,583164.3333333334,0.8648148148148148,14.374837161232698
25,0,28.595,0,0,1170447,0,1170447.0,1.1438,13.972897139467056
43,0,46.2,0,1,1285826,1,1285826.0,1.0744186046511628,14.06691264906935
63,1,30.8,0,0,801711,0,801711.0,0.4888888888888889,13.594504720111612
32,0,28.93,0,0,1131931,0,1131931.0,0.9040625,13.939436465269573
62,1,21.4,0,0,727091,0,727091.0,0.34516129032258064,13.496808295964499
52,0,31.73,2,0,1997230,1,665743.3333333334,0.6101923076923077,14.507272279218553
25,0,41.325,0,0,779518,1,779518.0,1.653,13.566432341782015
28,1,23.8,2,0,617108,1,205702.66666666666,0.85,13.332800948548943
46,1,33.44,1,0,2055783,1,1027891.5,0.7269565217391304,14.536167841672418
34,1,34.21,0,0,646124,0,646124.0,1.0061764705882352,13.378748262498341
35,0,34.105,3,1,1025441,1,256360.25,0.9744285714285713,13.840634297118427
19,1,35.53,0,0,23910,0,23910.0,1.87,10.082093883082601
46,0,19.95,2,0,1655056,1,551685.3333333334,0.43369565217391304,14.319346007287834
54,0,32.68,0,0,2398716,0,2398716.0,0.6051851851851852,14.690444569044226
27,1,30.5,0,0,1167196,0,1167196.0,1.1296296296296295,13.97011570593381
50,1,44.77,1,0,2246995,1,1123497.5,0.8954000000000001,14.625104771014568
18,0,32.12,2,0,8710,0,2903.3333333333335,1.7844444444444443,9.072341873818893
19,0,30.495,0,0,97015,0,97015.0,1.605,11.482631192336628
38,0,40.565,1,0,892442,1,446221.0,1.0675,13.701717925050222
41,1,30.59,2,0,1573075,1,524358.3333333334,0.7460975609756098,14.26854349619431
48,1,40.565,2,1,2208430,1,736143.3333333334,0.8451041666666667,14.607792866605585
31,0,29.1,0,0,617942,0,617942.0,0.9387096774193548,13.334151499176393
18,0,37.29,1,0,94135,0,47067.5,2.0716666666666668,11.452495824143766
30,0,43.12,2,0,874988,1,291662.6666666667,1.4373333333333334,13.68196659383216
62,0,36.86,1,0,522075,1,261037.5,0.594516129032258,13.16556845013675
57,0,34.295,2,0,1540150,1,513383.3333333333,0.6016666666666667,14.247391021531087
58,0,27.17,0,0,1419956,0,1419956.0,0.468448275862069,14.166137147428802
22,1,26.84,0,0,331742,0,331742.0,1.22,12.712115851745768
31,0,38.095,1,1,502262,1,251131.0,1.2288709677419354,13.126879165866349
52,1,30.2,1,0,2141652,1,1070826.0,0.5807692307692307,14.57708851873413
25,0,23.465,0,0,1157224,0,1157224.0,0.9386,13.96153545572217
59,1,25.46,1,0,2291800,0,1145900.0,0.4315254237288136,14.64484852931264
19,1,30.59,0,0,80870,0,80870.0,1.61,11.300610571538332
39,1,45.43,2,0,1048081,1,349360.3333333333,1.1648717948717948,13.86247238507701
32,0,23.65,1,0,650169,1,325084.5,0.7390625,13.384989146138137
19,1,20.7,0,0,5584,0,5584.0,1.0894736842105264,8.6278397115033
33,0,28.27,1,0,795526,1,397763.0,0.8566666666666667,13.586760067101661
21,1,20.235,3,0,272131,0,68032.75,0.9635714285714285,12.514042521678675
34,0,30.21,1,1,782159,1,391079.5,0.8885294117647059,13.569814602179553
61,0,35.91,0,0,825121,1,825121.0,0.5886885245901639,13.623286533171706
38,0,30.69,1,0,811266,1,405633.0,0.8076315789473685,13.606352502096748
58,0,29.0,0,0,1437535,0,1437535.0,0.5,14.178441094818321
47,1,19.57,1,0,1843378,1,921689.0,0.41638297872340424,14.427110858483756
20,1,31.13,2,0,226435,0,75478.33333333333,1.5565,12.330217623271025
21,0,21.85,1,1,451225,0,225612.5,1.0404761904761906,13.019723601619257
41,1,40.26,0,0,1714912,1,1714912.0,0.9819512195121951,14.354872908432451
46,0,33.725,1,0,1260644,1,630322.0,0.7331521739130435,14.04713405271102
42,0,29.48,2,0,1785509,1,595169.6666666666,0.7019047619047619,14.395214646673038
34,0,33.25,1,0,1024492,1,512246.0,0.9779411764705882,13.83970841403648
43,1,32.6,2,0,2327663,1,775887.6666666666,0.758139534883721,14.660375747519996
52,0,37.525,2,0,2493196,1,831065.3333333334,0.7216346153846154,14.729076380643207
18,0,39.16,0,0,78445,0,78445.0,2.1755555555555555,11.270165768970877
51,1,31.635,0,0,2044074,1,2044074.0,0.6202941176470589,14.530455922391864
56,0,25.3,0,0,1433653,0,1433653.0,0.4517857142857143,14.175736987904118
64,0,39.05,3,0,751425,1,187856.25,0.61015625,13.529728013599492
19,0,28.31,0,1,21263,0,21263.0,1.49,9.964770780953026
51,0,34.1,0,0,1540727,0,1540727.0,0.6686274509803922,14.247765589962203
27,0,25.175,0,0,941632,1,941632.0,0.9324074074074075,13.755370881043053
59,0,23.655,0,1,1368122,1,1368122.0,0.40093220338983054,14.128950285403468
28,1,26.98,2,0,1120021,1,373340.3333333333,0.9635714285714286,13.928858885935501
30,1,37.8,2,1,1114638,1,371546.0,1.26,13.92404114363642
47,0,29.37,1,0,1555761,1,777880.5,0.6248936170212767,14.257476015723267
38,0,34.8,2,0,1115076,1,371692.0,0.9157894736842105,13.924434018787906
18,0,33.155,0,0,58750,0,58750.0,1.8419444444444446,10.981063453138141
34,0,19.0,3,0,945085,1,236271.25,0.5588235294117647,13.759031207626155
20,0,33.0,0,0,219836,0,219836.0,1.65,12.300641641634801
47,0,36.63,1,1,1929012,1,964506.0,0.7793617021276597,14.47251903110829
56,0,28.595,0,0,1975022,0,1975022.0,0.510625,14.496090601819171
49,1,25.6,2,1,1650795,1,550265.0,0.5224489795918368,14.316768153790024
19,0,33.11,0,1,19241,0,19241.0,1.7426315789473683,9.86485066892121
55,0,37.1,0,0,1283530,1,1283530.0,0.6745454545454546,14.0651254317091
30,1,31.4,1,0,1060445,1,530222.5,1.0466666666666666,13.874200132312787
37,1,34.1,4,1,684658,1,136931.6,0.9216216216216216,13.43667618307674
49,0,21.3,1,0,2210944,1,1105472.0,0.4346938775510204,14.60893058390829
18,1,33.535,0,1,63656,0,63656.0,1.8630555555555555,11.06126457437221
59,1,28.785,0,0,1365225,0,1365225.0,0.4878813559322034,14.126830540661935
29,0,26.03,0,0,1050364,1,1050364.0,0.8975862068965518,13.864648280775823
36,1,28.88,3,0,778978,1,194744.5,0.8022222222222222,13.565739366851524
33,1,42.46,1,0,1101799,1,550899.5,1.2866666666666666,13.912455764020754
58,1,38.0,0,0,2369944,1,2369944.0,0.6551724137931034,14.678377306090978
44,0,38.95,0,1,2095522,1,2095522.0,0.8852272727272728,14.555313722187767
53,1,36.1,1,0,1884055,1,942027.5,0.6811320754716982,14.448937457668205
24,1,29.3,0,0,355707,0,355707.0,1.2208333333333334,12.781865448546718
29,0,35.53,0,0,899870,1,899870.0,1.2251724137931035,13.71000669869991
40,1,22.705,2,0,1504486,1,501495.3333333333,0.5676249999999999,14.223962534270472
51,1,39.7,1,0,1614428,1,807214.0,0.7784313725490196,14.294491891750173
64,1,38.19,0,0,984395,0,984395.0,0.59671875,13.799783534101916
19,0,24.51,1,0,20311,0,10155.5,1.29,9.918967123384514
35,0,38.095,2,0,683667,1,227889.0,1.0884285714285713,13.435227698652668
39,1,26.41,0,1,817979,1,817979.0,0.6771794871794872,13.61459316540823
56,1,33.66,4,0,1753570,1,350714.0,0.6010714285714285,14.37716483819033
42,1,28.31,3,1,1727532,1,431883.0,0.674047619047619,14.362204937191144
61,1,33.915,0,0,953385,0,953385.0,0.555983606557377,13.767775137357235
23,0,34.96,3,0,354416,1,88604.0,1.52,12.778229464959907
43,1,35.31,2,0,1824670,1,608223.3333333334,0.8211627906976745,14.41691025477482
48,1,30.78,3,0,1492935,1,373233.75,0.64125,14.216255208891205
39,1,26.22,1,0,686052,0,343026.0,0.6723076923076923,13.43871016319888
40,0,23.37,3,0,1711336,1,427834.0,0.58425,14.352785494321704
18,1,28.5,0,0,55588,0,55588.0,1.5833333333333333,10.925740618938798
58,0,32.965,0,0,2096798,0,2096798.0,0.5683620689655173,14.555922454074013
49,0,42.68,2,0,1528753,1,509584.3333333333,0.8710204081632653,14.239963582496857
53,0,39.6,1,0,1949211,1,974605.5,0.7471698113207548,14.482935746304383
48,0,31.13,0,0,1312369,0,1312369.0,0.6485416666666667,14.087345220923329
45,0,36.3,2,0,1864302,1,621434.0,0.8066666666666666,14.43839781466533
59,0,35.2,0,0,2195129,1,2195129.0,0.5966101694915255,14.601751828250176
52,0,25.3,2,1,1615406,1,538468.6666666666,0.48653846153846153,14.295097495273009
26,0,42.4,1,0,998105,1,499052.5,1.6307692307692307,13.813614762078311
27,1,33.155,2,0,747786,0,249262.0,1.227962962962963,13.52487345704668
48,0,35.91,1,0,2030032,1,1015016.0,0.7481249999999999,14.523562607043475
57,0,28.785,4,0,1303969,0,260793.8,0.505,14.08092401506912
37,1,46.53,3,0,836831,1,209207.75,1.2575675675675675,13.637378612479413
57,0,23.98,1,0,1647986,0,823993.0,0.4207017543859649,14.315065101070926
32,0,31.54,1,0,1076295,1,538147.5,0.985625,13.889036074809546
18,1,33.66,0,0,27477,0,27477.0,1.8699999999999999,10.221140963483894
64,0,22.99,0,1,635710,0,635710.0,0.35921875,13.362499336534427
43,1,38.06,2,1,1966171,1,655390.3333333334,0.8851162790697675,14.491599063146285
49,1,28.7,1,0,1960641,1,980320.5,0.5857142857142857,14.488782528593983
40,0,32.775,2,1,2262009,1,754003.0,0.819375,14.631764356514921
62,1,32.015,0,1,944943,1,944943.0,0.5163709677419355,13.75888094546072
40,0,29.81,1,0,1513837,1,756918.5,0.74525,14.230158705933478
30,1,31.57,3,0,503299,1,125824.75,1.0523333333333333,13.128941692764451
29,0,31.16,0,0,1040962,0,1040962.0,1.0744827586206898,13.85565680421809
36,1,29.7,0,0,915116,0,915116.0,0.825,13.726807204935593
41,0,31.02,0,0,1502296,0,1502296.0,0.7565853658536585,14.222505828110492
44,0,43.89,2,1,2433827,1,811275.6666666666,0.9975,14.704975884461604
45,1,21.375,0,0,1642611,1,1642611.0,0.475,14.31179821575284
55,0,40.81,3,0,2112646,1,528161.5,0.742,14.563452221591303
60,1,31.35,3,1,618851,0,154712.75,0.5225000000000001,13.335621427763867
56,1,36.1,3,0,1637603,1,409400.75,0.6446428571428572,14.30874475592516
49,0,23.18,2,0,1829779,1,609926.3333333334,0.47306122448979593,14.419706299011535
21,0,17.4,1,0,269123,0,134561.5,0.8285714285714285,12.502927518914289
19,1,20.3,0,0,76693,0,76693.0,1.068421052631579,11.24757875743758
39,1,35.3,2,1,534721,1,178240.33333333334,0.905128205128205,13.189502264657456
53,1,24.32,0,0,1709727,0,1709727.0,0.4588679245283019,14.351844851499285
33,0,18.5,1,0,1070927,1,535463.5,0.5606060606060606,13.884036120279301
53,1,26.41,2,0,2128650,1,709550.0,0.49830188679245285,14.570999003712
42,1,26.125,2,0,1569868,1,523289.3333333333,0.6220238095238095,14.266502734352777
40,1,41.69,0,0,1981690,1,1981690.0,1.04225,14.49946107858976
47,0,24.1,1,0,1910912,1,955456.0,0.5127659574468085,14.463091696283406
27,1,31.13,1,1,636793,1,318396.5,1.152962962962963,13.364201491357369
21,1,27.36,0,0,208104,0,208104.0,1.302857142857143,12.245798039003224
47,1,36.2,1,0,2361578,1,1180789.0,0.7702127659574469,14.67484102107233
20,1,32.395,1,0,266098,0,133049.0,1.6197500000000002,12.491623698973
24,1,23.655,0,0,460458,0,460458.0,0.9856250000000001,13.039979097054701
27,0,34.8,1,0,1063021,1,531510.5,1.2888888888888888,13.876626353252915
26,0,40.185,0,0,801583,1,801583.0,1.5455769230769232,13.594345049033691
53,0,32.3,2,0,1380906,1,460302.0,0.6094339622641509,14.13825108761839
41,1,35.75,1,1,1401640,1,700820.0,0.8719512195121951,14.15315425101953
56,1,33.725,0,0,2180942,0,2180942.0,0.6022321428571429,14.595267910041697
23,0,39.27,2,0,425357,1,141785.66666666666,1.7073913043478262,12.960686446267598
21,0,34.87,0,0,486625,0,486625.0,1.6604761904761904,13.095251139881105
50,0,44.745,0,0,2217758,1,2217758.0,0.8948999999999999,14.61200778454166
53,1,41.47,0,0,2316244,0,2316244.0,0.7824528301886792,14.655457897917747
34,0,26.41,1,0,1014881,1,507440.5,0.7767647058823529,13.830282907542118
47,0,29.545,1,0,1458082,1,729041.0,0.6286170212765958,14.19263311722811
33,0,32.9,2,0,659507,1,219835.66666666666,0.996969696969697,13.399249381467753
51,0,38.06,0,1,1309862,1,1309862.0,0.7462745098039216,14.085433109555778
49,1,28.69,3,0,1304623,1,326155.75,0.5855102040816327,14.081425434618275
31,0,30.495,3,0,913245,1,228311.25,0.9837096774193549,13.724760564686262
36,0,27.74,0,0,1053982,1,1053982.0,0.7705555555555555,13.868086878921112
18,1,35.2,1,0,70354,0,35177.0,1.9555555555555557,11.161309133222357
50,0,23.54,2,0,1397117,1,465705.6666666667,0.4708,14.149922101386375
43,0,30.685,2,0,2355480,1,785160.0,0.7136046511627907,14.672255510861724
20,1,40.47,0,0,334674,0,334674.0,2.0235,12.720915190654098
24,0,22.6,0,0,463954,0,463954.0,0.9416666666666668,13.04754284374664
60,1,28.9,0,0,580047,0,580047.0,0.48166666666666663,13.270866137718986
49,0,22.61,1,0,1806017,1,903008.5,0.4614285714285714,14.406634979686809
60,1,24.32,1,0,868890,1,434445.0,0.4053333333333333,13.674972964849841
51,0,36.67,2,0,2034565,1,678188.3333333334,0.7190196078431373,14.52579308630075
58,0,33.44,0,0,1253801,0,1253801.0,0.576551724137931,14.041691092971474
51,0,40.66,0,0,2106431,1,2106431.0,0.7972549019607843,14.560506078845272
53,1,36.6,3,0,2453203,1,613300.75,0.6905660377358491,14.712905483256035
62,1,37.4,0,0,775975,0,775975.0,0.6032258064516128,13.561876870852029
19,1,35.4,0,0,94393,0,94393.0,1.8631578947368421,11.455232790791579
50,0,27.075,1,0,2137883,1,1068941.5,0.5415,14.575327112780888
30,0,39.05,3,1,685100,1,171275.0,1.3016666666666665,13.437321551630854
41,1,28.405,1,0,1752563,1,876281.5,0.6928048780487805,14.376590416482273
29,0,21.755,1,1,1069851,1,534925.5,0.7501724137931034,13.883030879114296
18,0,40.28,0,0,70576,0,70576.0,2.2377777777777776,11.164459591366988
41,0,36.08,1,0,2055756,1,1027878.0,0.88,14.536154707910647
35,1,24.42,3,1,1071572,1,267893.0,0.6977142857142857,13.884638220366522
53,1,21.4,1,0,2356681,0,1178340.5,0.40377358490566034,14.672765255548402
24,0,30.1,3,0,200302,0,50075.5,1.2541666666666667,12.207586499075447
48,0,27.265,1,0,1580455,0,790227.5,0.5680208333333333,14.273223970958925
59,0,32.1,3,0,1645306,1,411326.5,0.5440677966101695,14.313437550908935
49,0,34.77,1,0,1663805,1,831902.5,0.709591836734694,14.324618307028091
37,0,38.39,0,1,544487,1,544487.0,1.0375675675675675,13.207601182544806
26,1,23.7,2,0,596392,0,198797.33333333334,0.9115384615384615,13.298655124714639
23,1,31.73,3,1,475848,1,118962.0,1.3795652173913044,13.072855855995707
29,1,35.5,2,1,698841,1,232947.0,1.2241379310344827,13.457179958469697
45,1,24.035,2,0,1780039,1,593346.3333333334,0.5341111111111111,14.392146393925891
27,1,29.15,0,1,957137,0,957137.0,1.0796296296296295,13.771702860666139
53,1,34.105,0,1,1583240,1,1583240.0,0.6434905660377358,14.274984569852808
31,0,26.62,0,0,605258,0,605258.0,0.8587096774193549,13.313411744578225
50,1,26.41,0,0,2169784,1,2169784.0,0.5282,14.590138642267046
50,0,30.115,1,0,1467633,1,733816.5,0.6023,14.19916213827041
34,1,27.0,2,0,1001977,1,333992.3333333333,0.7941176470588235,13.817486604298084
19,1,21.755,0,0,23152,0,23152.0,1.145,10.049879640751199
47,0,36.0,1,0,1684226,1,842113.0,0.7659574468085106,14.336817262799723
28,1,30.875,0,0,988221,0,988221.0,1.1026785714285714,13.803662647845835
37,0,26.4,0,1,700738,1,700738.0,0.7135135135135134,13.459890771436829
21,1,28.975,0,0,270390,0,270390.0,1.3797619047619047,12.507624338573352
64,1,37.905,0,0,796018,0,796018.0,0.592265625,13.587378333888385
58,0,22.77,0,0,2025454,0,2025454.0,0.3925862068965517,14.521304924641479
24,1,33.63,4,0,239225,0,47845.0,1.40125,12.385163990803843
31,1,27.645,2,0,1179936,1,393312.0,0.891774193548387,13.98097160518605
39,0,22.8,3,0,915170,1,228792.5,0.5846153846153846,13.726866212042689
47,0,27.83,0,1,1741176,1,1741176.0,0.592127659574468,14.37007187929208
30,1,37.43,3,0,800115,1,200028.75,1.2476666666666667,13.59251199613858
18,1,38.17,0,1,47826,0,47826.0,2.1205555555555557,10.77534561256631
22,0,34.58,2,0,350425,1,116808.33333333333,1.5718181818181818,12.766904836204864
23,1,35.2,1,0,322357,1,161178.5,1.5304347826086957,12.683418008175499
33,1,27.1,1,1,998237,1,499118.5,0.8212121212121213,13.8137470038164
27,1,26.03,0,0,940486,0,940486.0,0.9640740740740741,13.754153105192817
45,0,25.175,2,0,1392956,1,464318.6666666667,0.5594444444444444,14.146939383656639
57,0,31.825,0,0,2101918,0,2101918.0,0.5583333333333333,14.558361294947723
47,1,32.3,1,0,1619227,1,809613.5,0.6872340425531914,14.29746005041589
42,0,29.0,1,0,1276745,1,638372.5,0.6904761904761905,14.059825211550214
64,0,39.7,0,0,974413,0,974413.0,0.6203125,13.789591543650646
38,0,19.475,2,0,679978,1,226659.33333333334,0.5125000000000001,13.429817194322478
61,1,36.1,3,0,645531,0,161382.75,0.5918032786885246,13.37783006201375
53,0,26.7,2,0,1914145,1,638048.3333333334,0.5037735849056604,14.46478212812766
44,0,36.48,0,0,2309943,1,2309943.0,0.829090909090909,14.65273383977988
19,0,28.88,0,1,62715,0,62715.0,1.52,11.046371877480341
41,1,34.2,2,0,2254503,1,751501.0,0.8341463414634147,14.628440551071021
51,1,33.33,3,0,1880404,1,470101.0,0.6535294117647058,14.446997737137298
40,1,32.3,2,0,1208228,1,402742.6666666667,0.8074999999999999,14.004666209047286
45,1,39.805,0,0,1870478,1,1870478.0,0.8845555555555555,14.441705105762647
35,1,34.32,3,0,1018703,1,254675.75,0.9805714285714285,13.834041789143532
53,1,28.88,0,0,2306522,0,2306522.0,0.5449056603773584,14.651251753749067
30,1,24.4,3,1,572759,1,143189.75,0.8133333333333332,13.258222059787943
18,1,41.14,0,0,14002,0,14002.0,2.285555555555556,9.547026871355778
51,1,35.97,1,0,2200508,1,1100254.0,0.7052941176470588,14.604199255204469
50,0,27.6,1,1,2227975,1,1113987.5,0.552,14.616604107978475
31,0,29.26,1,0,617796,0,308898.0,0.9438709677419356,13.333915203514394
35,0,27.7,3,0,614717,1,153679.25,0.7914285714285714,13.328918905043242
60,1,36.955,0,0,531649,0,531649.0,0.6159166666666667,13.183740657079232
21,1,36.86,0,0,429186,0,429186.0,1.7552380952380953,12.969648000370363
29,1,22.515,3,0,768970,1,192242.5,0.7763793103448277,13.552808536463298
62,0,29.92,0,0,563053,0,563053.0,0.48258064516129034,13.241130817264754
39,0,41.8,0,0,574337,0,574337.0,1.0717948717948718,13.260973352171685
19,1,27.6,0,0,77838,0,77838.0,1.4526315789473685,11.262397869912
22,0,23.18,0,0,217419,0,217419.0,1.0536363636363637,12.289586245757992
53,1,20.9,0,1,2077374,1,2077374.0,0.3943396226415094,14.546615635429823
39,0,31.92,2,0,877018,1,292339.3333333333,0.8184615384615385,13.68428393588589
27,1,28.5,0,1,1127700,1,1127700.0,1.0555555555555556,13.935691604980649
30,1,44.22,2,0,1184917,1,394972.3333333333,1.474,13.985184131844818
30,0,22.895,1,0,1193970,1,596985.0,0.7631666666666667,13.992795284532521
58,0,33.1,0,0,1767668,0,1767668.0,0.5706896551724138,14.385172287457829
33,1,24.795,0,1,1113926,1,1113926.0,0.7513636363636365,13.923402167699226
42,0,26.18,1,0,1673639,1,836819.5,0.6233333333333333,14.33051145314074
64,0,35.97,0,0,504520,0,504520.0,0.56203125,13.131364743281145
21,1,22.3,1,0,310641,0,155320.5,1.061904761904762,12.646396402705708
18,0,42.24,0,1,73450,0,73450.0,2.3466666666666667,11.204373796213224
23,1,26.51,0,0,467218,0,467218.0,1.152608695652174,13.054553377477461
45,0,35.815,0,0,1208188,1,1208188.0,0.7958888888888889,14.004633102192427
40,0,41.42,1,0,1426669,1,713334.5,1.0355,14.170853615335739
19,0,36.575,0,0,64372,0,64372.0,1.925,11.072449569522252
18,1,30.14,0,0,74980,0,74980.0,1.6744444444444444,11.224990027090804
25,1,25.84,1,0,767223,1,383611.5,1.0336,13.550534084648103
46,0,30.8,3,0,1940214,1,485053.5,0.6695652173913044,14.47830934964117
33,0,42.94,3,0,1027729,1,256932.25,1.301212121212121,13.842863044585371
54,1,21.01,2,0,2046261,1,682087.0,0.3890740740740741,14.531525272036358
28,1,22.515,2,0,599639,1,199879.66666666666,0.8041071428571429,13.30408475412625
36,1,34.43,2,0,1010426,1,336808.6666666667,0.9563888888888888,13.825883571751652
20,0,31.46,0,0,368030,0,368030.0,1.573,12.815922452733586
24,0,24.225,0,0,220556,0,220556.0,1.0093750000000001,12.30391144386415
23,1,37.1,3,0,328159,1,82039.75,1.6130434782608696,12.701256573306207
47,0,26.125,1,1,1712114,1,856057.0,0.5558510638297872,14.353240006325022
33,0,35.53,0,1,717663,1,717663.0,1.0766666666666667,13.483756771926016
45,1,33.7,1,0,2220385,1,1110192.5,0.7488888888888889,14.613191612608025
26,1,17.67,0,0,990075,0,990075.0,0.6796153846153847,13.805536986841053
18,0,31.13,0,0,85415,0,85415.0,1.7294444444444443,11.355288715858139
44,0,29.81,2,0,1288007,1,429335.6666666667,0.6775,14.068607396807272
60,1,24.32,0,0,861700,0,861700.0,0.4053333333333333,13.666663621723877
64,0,31.825,2,0,862592,0,287530.6666666667,0.497265625,13.667698248161793
56,1,31.79,2,1,1681344,1,560448.0,0.5676785714285714,14.335104626312114
36,1,28.025,1,1,651872,1,325936.0,0.7784722222222222,13.3876050366596
41,1,30.78,3,1,2276600,1,569150.0,0.7507317073170732,14.638194099124672
39,1,21.85,1,0,1061893,1,530946.5,0.5602564102564103,13.875564664126422
63,1,33.1,0,0,962980,0,962980.0,0.5253968253968254,13.77778896057524
36,0,25.84,0,0,669469,0,669469.0,0.7177777777777777,13.414241633550013
28,0,23.845,2,0,604623,1,201541.0,0.8516071428571428,13.312362056206199
58,1,34.39,0,0,2284816,0,2284816.0,0.5929310344827586,14.641796491575912
36,1,33.82,1,0,1132263,1,566131.5,0.9394444444444444,13.93972972610245
42,1,35.97,2,0,1962415,1,654138.3333333334,0.8564285714285714,14.489686925174874
36,1,31.5,0,0,1161951,1,1161951.0,0.875,13.96561190745129
56,0,28.31,0,0,1558641,0,1558641.0,0.5055357142857143,14.259325487288889
35,0,23.465,2,0,978024,1,326008.0,0.6704285714285714,13.79329051106243
59,0,31.35,0,0,1560629,0,1560629.0,0.5313559322033898,14.260600143855656
21,1,31.1,0,0,489573,0,489573.0,1.480952380952381,13.101290904194991
59,1,24.7,0,0,2050304,0,2050304.0,0.4186440677966102,14.533499120535676
23,0,32.78,2,1,280065,1,93355.0,1.4252173913043478,12.542780568660854
57,0,29.81,0,1,2351896,0,2351896.0,0.5229824561403509,14.670732794524728
53,1,30.495,0,0,2110900,1,2110900.0,0.575377358490566,14.562625428525633
60,0,32.45,0,1,865794,0,865794.0,0.5408333333333334,13.671403438967566
51,0,34.2,1,0,1852637,1,926318.5,0.6705882352941177,14.43212112730497
27,0,24.1,0,0,868814,0,868814.0,0.8925925925925926,13.674885493206137
55,1,32.775,0,0,2452634,0,2452634.0,0.5959090909090908,14.712673514778247
37,0,30.78,0,1,802775,1,802775.0,0.8318918918918919,13.595831000091227
61,1,32.3,2,0,560435,0,186811.66666666666,0.5295081967213114,13.236470331210393
46,0,35.53,0,1,1600057,1,1600057.0,0.7723913043478261,14.285550436552994
53,0,23.75,2,0,1856482,1,618827.3333333334,0.4481132075471698,14.434194395541455
49,0,23.845,3,1,1705635,1,426408.75,0.48663265306122444,14.349448619672753
20,0,29.6,0,0,205868,0,205868.0,1.48,12.234995323157253
48,0,33.11,0,1,1878706,1,1878706.0,0.6897916666666667,14.44609433222918
25,1,24.13,0,1,601322,1,601322.0,0.9652,13.306887506753473
25,0,32.23,1,0,1067306,1,533653.0,1.2892,13.880649211486377
57,1,28.1,0,0,2012142,0,2012142.0,0.4929824561403509,14.514710881234809
37,0,47.6,2,1,998961,1,332987.0,1.2864864864864864,13.814472018869187
38,0,28.0,3,0,1082404,1,270601.0,0.7368421052631579,13.894695975192421
55,0,33.535,2,0,1475629,1,491876.3333333333,0.6097272727272727,14.204595575210922
36,0,19.855,0,0,1151801,0,1151801.0,0.5515277777777778,13.956838230465774
51,1,25.4,0,0,2220324,0,2220324.0,0.49803921568627446,14.613164139529951
40,1,29.9,2,0,2254616,1,751538.6666666666,0.7474999999999999,14.628490671704299
18,1,37.29,0,0,78565,0,78565.0,2.0716666666666668,11.271694314857363
57,1,43.7,1,0,1586631,1,793315.5,0.7666666666666667,14.27712408856131
61,1,23.655,0,0,641610,0,641610.0,0.38778688524590166,13.371737480025878
25,0,24.3,3,0,982736,1,245684.0,0.972,13.798096815010402
50,1,36.2,0,0,2220124,0,2220124.0,0.7240000000000001,14.613074058569628
26,0,29.48,1,0,808887,1,404443.5,1.133846153846154,13.603415743934947
42,1,24.86,0,0,1709382,0,1709382.0,0.5919047619047619,14.351643044654658
43,1,30.1,1,0,1833103,1,916551.5,0.7000000000000001,14.421521262800978
44,1,21.85,3,0,1242834,1,310708.5,0.49659090909090914,14.032905618318836
23,0,28.12,0,0,314786,0,314786.0,1.222608695652174,12.659651498611689
49,0,27.1,1,0,1392541,1,696270.5,0.553061224489796,14.146641411908616
41,1,28.8,1,0,1858063,1,929031.5,0.702439024390244,14.435045643403157
37,0,29.5,2,0,1087036,1,362345.3333333333,0.7972972972972973,13.8989662041625
22,1,34.8,3,0,382017,1,95504.25,1.5818181818181818,12.853223006897428
23,1,27.36,1,0,294780,0,147390.0,1.1895652173913043,12.593987986745399
21,0,22.135,0,0,347470,0,347470.0,1.0540476190476191,12.758436487267158
51,0,37.05,3,1,2127194,1,531798.5,0.7264705882352941,14.570314768400475
25,1,26.695,4,0,961776,1,192355.2,1.0678,13.776537894044237
32,1,28.93,1,1,976971,1,488485.5,0.9040625,13.792213271453543
57,1,28.975,0,1,2030351,1,2030351.0,0.5083333333333333,14.523719735000878
36,0,30.02,0,0,644327,1,644327.0,0.8338888888888889,13.375963192198913
22,1,39.5,0,0,462322,1,462322.0,1.7954545454545454,13.044019059982546
57,1,33.63,1,0,1455396,0,727698.0,0.5900000000000001,14.190789273604006
64,0,26.885,0,1,682094,0,682094.0,0.420078125,13.432924223312469
36,0,29.04,4,0,525723,1,105144.6,0.8066666666666666,13.17253163917995
54,1,24.035,0,0,1798581,1,1798581.0,0.4450925925925926,14.402509134628643
47,1,38.94,2,1,1932012,1,644004.0,0.8285106382978723,14.47407302251043
62,1,32.11,0,0,806926,0,806926.0,0.5179032258064517,13.600988484672243
61,0,44.0,0,0,826684,0,826684.0,0.7213114754098361,13.625179006646494
43,0,20.045,2,1,1866632,1,622210.6666666666,0.46616279069767447,14.439646831160337
19,1,25.555,1,0,94836,0,47418.0,1.345,11.459914907456342
18,0,40.26,0,0,78899,0,78899.0,2.2366666666666664,11.275936506833965
19,0,22.515,0,0,61676,0,61676.0,1.185,11.029666368922044
49,1,22.515,0,0,1540572,1,1540572.0,0.45948979591836736,14.247664983108065
60,1,40.92,0,1,690715,0,690715.0,0.682,13.44548401971393
26,1,27.265,3,0,870219,1,217554.75,1.0486538461538462,13.676501332226854
49,1,36.85,0,0,1494513,1,1494513.0,0.7520408163265306,14.217311628343753
60,0,35.1,0,0,568673,0,568673.0,0.5850000000000001,13.251062613944871
26,0,29.355,2,0,621979,0,207326.33333333334,1.1290384615384617,13.340663216863518
27,1,32.585,3,0,1080393,1,270098.25,1.2068518518518518,13.892836347386472
44,0,32.34,1,0,1824435,1,912217.5,0.7350000000000001,14.416781456139798
63,1,39.8,3,0,599714,1,149928.5,0.6317460317460317,13.304209821350046
32,0,24.6,0,1,923833,1,923833.0,0.76875,13.736287680804512
22,1,28.31,1,0,299570,0,149785.0,1.2868181818181819,12.610106730212555
18,1,31.73,0,1,17846,0,17846.0,1.7627777777777778,9.789590705856016
59,0,26.695,3,0,1598522,1,399630.5,0.45245762711864407,14.284590635867728
44,0,27.5,1,0,2118534,1,1059267.0,0.625,14.566235370035715
33,1,24.605,2,0,880649,1,293549.6666666667,0.7456060606060606,13.688415550160443
24,0,33.99,0,0,477339,0,477339.0,1.41625,13.075984304217535
43,0,26.885,0,1,1711159,1,1711159.0,0.6252325581395349,14.352682061068053
45,1,22.895,0,1,1831665,1,1831665.0,0.5087777777777778,14.42073649318444
61,0,28.2,0,0,948909,0,948909.0,0.4622950819672131,13.763069236424604
35,0,34.21,1,0,931169,1,465584.5,0.9774285714285714,13.744197138945502
62,0,25.0,0,0,874558,0,874558.0,0.4032258064516129,13.681475038289062
62,0,33.2,0,0,930758,0,930758.0,0.535483870967742,13.743755661309486
38,1,31.0,1,0,924823,1,462411.5,0.8157894736842105,13.737358728120608
34,1,35.815,0,0,841805,1,841805.0,1.0533823529411763,13.643304862876954
43,1,23.2,0,0,2242624,1,2242624.0,0.5395348837209302,14.623157612721686
50,1,32.11,2,0,1246380,1,415460.0,0.6422,14.035754710079992
19,0,23.4,2,0,51767,0,17255.666666666668,1.2315789473684209,10.854527476737102
57,0,20.1,1,0,2495243,1,1247621.5,0.35263157894736846,14.729897077977261
62,0,39.16,0,0,589835,0,589835.0,0.6316129032258064,13.28759981114047
41,1,34.21,1,0,1420396,1,710198.0,0.8343902439024391,14.166446967967735
26,1,46.53,1,0,845926,1,422963.0,1.7896153846153846,13.648188346449226
39,0,32.5,1,0,1129518,1,564759.0,0.8333333333333334,13.937302436351192
45,0,35.3,0,0,2401961,1,2401961.0,0.7844444444444444,14.691796461347051
32,1,37.18,2,0,1022796,1,340932.0,1.161875,13.838051589270112
59,0,27.5,0,0,2478841,0,2478841.0,0.4661016949152542,14.723302073608973
44,1,29.735,2,0,2299149,1,766383.0,0.6757954545454545,14.648050047375932
18,1,26.18,2,0,59549,0,19849.666666666668,1.4544444444444444,10.994571574783446
53,1,29.48,0,0,1707361,0,1707361.0,0.5562264150943397,14.350460047248825
18,1,23.21,0,0,301,0,301.0,1.2894444444444444,5.71042701737487
50,0,46.09,1,0,1618524,1,809262.0,0.9218000000000001,14.29702579863013
18,0,40.185,0,0,54633,0,54633.0,2.2325,10.908411678551898
19,1,22.61,0,0,34639,0,34639.0,1.19,10.45276436267637
62,1,39.93,0,0,530747,0,530747.0,0.6440322580645161,13.18204261130593
56,0,35.8,1,0,2213295,1,1106647.5,0.6392857142857142,14.60999336517237
42,1,35.8,2,0,1807359,1,602453.0,0.8523809523809524,14.40737777496685
37,1,34.2,1,1,1106008,1,553004.0,0.9243243243243244,13.916268598463496
42,1,31.255,0,0,1579222,1,1579222.0,0.7441666666666666,14.272443511891668
25,1,29.7,3,1,844771,1,211192.75,1.188,13.646822047445468
57,1,18.335,0,0,1282731,0,1282731.0,0.32166666666666666,14.064502736353388
51,1,42.9,2,1,2100846,1,700282.0,0.8411764705882353,14.55785115470996
30,0,28.405,1,0,848880,1,424440.0,0.9468333333333334,13.651674290569584
44,1,30.2,2,1,1331253,1,443751.0,0.6863636363636364,14.101631913130193
34,1,27.835,1,1,656897,1,328448.5,0.8186764705882353,13.395284034272489
31,1,39.49,1,0,832745,1,416372.5,1.2738709677419355,13.632483952682037
54,1,30.8,1,1,2131029,1,1065514.5,0.5703703703703704,14.572115988879363
24,1,26.79,1,0,202992,0,101496.0,1.11625,12.22092677467076
43,1,34.96,1,1,2472074,1,1236037.0,0.8130232558139535,14.720568436905301
48,1,36.67,1,0,2302242,1,1151121.0,0.7639583333333334,14.649394423075137
19,0,39.615,1,0,77192,0,38596.0,2.085,11.254064058326641
29,0,25.9,0,0,1113842,0,1113842.0,0.893103448275862,13.923326755964586
63,0,35.2,1,0,682311,1,341155.5,0.5587301587301587,13.433242310220304
46,1,24.795,3,0,1922035,1,480508.75,0.5390217391304348,14.468895598826036
52,1,36.765,2,0,1220317,1,406772.3333333333,0.7070192307692308,14.01462203848234
35,1,27.1,1,0,699836,1,349918.0,0.7742857142857144,13.45860272976725
51,1,24.795,2,1,1606723,1,535574.3333333334,0.4861764705882353,14.289707881369294
44,1,25.365,1,0,1819429,1,909714.5,0.5764772727272727,14.414033823186559
21,1,25.745,2,0,230880,0,76960.0,1.225952380952381,12.34965770525265
50,0,28.16,3,0,1341171,1,335292.75,0.5632,14.109054416529565
34,0,23.56,0,0,899579,1,899579.0,0.6929411764705882,13.709683266717004
22,0,20.235,0,0,419225,0,419225.0,0.9197727272727273,12.946165432966392
19,0,40.5,0,0,7804,0,7804.0,2.1315789473684212,8.962519832949532
26,1,35.42,0,0,865658,1,865658.0,1.3623076923076924,13.67124634556482
29,1,22.895,0,1,1189879,1,1189879.0,0.7894827586206896,13.989363019666849
48,1,40.15,0,0,2001921,1,2001921.0,0.8364583333333333,14.50961827705934
26,1,29.15,1,0,705255,0,352627.5,1.1211538461538462,13.466316136449464
45,0,39.995,3,0,1253449,1,313362.25,0.8887777777777777,14.041410307472201
36,0,29.92,0,0,548391,0,548391.0,0.8311111111111111,13.214745638671843
54,1,25.46,1,0,2370408,1,1185204.0,0.4714814814814815,14.678573072061825
34,1,21.375,0,0,1099966,0,1099966.0,0.6286764705882353,13.91079073731859
31,1,25.9,3,1,506877,1,126719.25,0.8354838709677419,13.136025622453289
27,0,30.59,1,0,989388,0,494694.0,1.132962962962963,13.80484285986474
44,0,25.8,1,0,1402085,1,701042.5,0.5863636363636364,14.153471685636905
43,1,30.115,3,0,2310105,1,577526.25,0.7003488372093023,14.652803968891067
45,0,27.645,1,0,1992156,1,996078.0,0.6143333333333333,14.504728529281966
34,1,34.675,0,0,1067735,1,1067735.0,1.0198529411764705,13.881051076934307
24,0,20.52,0,1,422139,1,422139.0,0.855,12.953092291554608
26,0,19.8,1,0,574400,0,287200.0,0.7615384615384616,13.261083037661711
38,0,27.835,2,0,560515,1,186838.33333333334,0.7325,13.236613067028047
50,0,31.6,2,0,2131724,1,710574.6666666666,0.632,14.572442069081559
38,1,28.27,1,0,609058,1,304529.0,0.7439473684210526,13.31967042213082
27,0,20.045,3,1,1126800,1,281700.0,0.7424074074074075,13.9348932024529
39,0,23.275,3,0,945718,1,236429.5,0.5967948717948718,13.759700763739714
39,0,34.1,3,0,1024851,1,256212.75,0.8743589743589744,13.840058769885468
63,0,36.85,0,0,777726,0,777726.0,0.584920634920635,13.564130841837878
33,0,36.29,3,0,760671,1,190167.75,1.0996969696969696,13.541957532104982
36,0,26.885,0,0,579821,0,579821.0,0.7468055555555556,13.270476438868494
30,1,22.99,2,1,1130455,1,376818.3333333333,0.7663333333333333,13.938131649111236
24,1,32.7,0,1,425668,0,425668.0,1.3625,12.961417327929038
24,1,25.8,0,0,321634,0,321634.0,1.075,12.681172641211072
48,1,29.6,0,0,1823006,1,1823006.0,0.6166666666666667,14.415997893477893
47,1,19.19,1,0,2034167,1,1017083.5,0.4082978723404256,14.525597448049998
29,1,31.73,2,0,1001057,1,333685.6666666667,1.0941379310344828,13.816567998676723
28,1,29.26,2,0,537420,1,179140.0,1.0450000000000002,13.194537051437628
47,1,28.215,3,1,1569577,1,392394.25,0.6003191489361702,14.26631735138512
25,1,24.985,2,0,1190981,1,396993.6666666667,0.9994,13.990288734873104
51,1,27.74,1,0,1412580,1,706290.0,0.543921568627451,14.160929085491308
48,0,22.8,0,0,1710876,1,1710876.0,0.47500000000000003,14.352516662505359
43,1,20.13,2,1,1394704,1,464901.3333333333,0.4681395348837209,14.148193481340718
61,0,33.33,4,0,984585,1,196917.0,0.5463934426229508,13.799976527232975
48,1,32.3,1,0,1826323,0,913161.5,0.6729166666666666,14.417815761417774
38,0,27.6,0,0,816673,0,816673.0,0.7263157894736842,13.612995273404321
59,1,25.46,0,0,1387553,0,1387553.0,0.4315254237288136,14.143053042764324
19,0,24.605,1,0,79070,0,39535.0,1.295,11.278101462006626
26,0,34.2,2,0,1075098,1,358366.0,1.3153846153846156,13.887923308326855
54,0,35.815,3,0,2488545,1,622136.25,0.6632407407407407,14.727209162141044
21,0,32.68,2,0,236764,0,78921.33333333333,1.5561904761904761,12.374823367013837
51,1,37.0,0,0,1704321,1,1704321.0,0.7254901960784313,14.348677935655507
22,0,31.02,3,1,393250,1,98312.5,1.41,12.882203363828925
47,1,36.08,1,1,2058360,1,1029180.0,0.7676595744680851,14.537420593015419
18,1,23.32,1,0,417,0,208.5,1.2955555555555556,6.035481432524756
47,0,45.32,1,0,1320965,1,660482.5,0.9642553191489361,14.093873845096018
21,0,34.6,0,0,259192,0,259192.0,1.6476190476190478,12.465328236922744
19,1,26.03,1,1,85102,0,42551.0,1.37,11.351617566584054
23,1,18.715,0,0,271440,0,271440.0,0.813695652173913,12.511500083506734
54,1,31.6,0,0,1632675,0,1632675.0,0.5851851851851853,14.305730944428829
37,0,17.29,2,0,869817,1,289939.0,0.4672972972972973,13.676039273344058
46,0,23.655,1,1,2055911,1,1027955.5,0.5142391304347826,14.53623010308476
55,0,35.2,0,1,2333869,1,2333869.0,0.64,14.663038391905532
30,0,27.93,0,0,1171191,1,1171191.0,0.9309999999999999,13.973532591564762
18,1,21.565,0,1,59919,0,59919.0,1.1980555555555557,11.000765618191101
61,1,38.38,0,0,840976,0,840976.0,0.6291803278688525,13.642319590186343
54,0,23.0,3,0,2474204,1,618551.0,0.42592592592592593,14.721429690264053
22,1,37.07,2,1,247393,1,82464.33333333333,1.685,12.418737486423314
45,0,30.495,1,1,1469080,1,734540.0,0.6776666666666666,14.2001475931866
22,1,28.88,0,0,405375,0,405375.0,1.3127272727272727,12.912570310458257
19,1,27.265,2,0,24187,0,8062.333333333333,1.435,10.093611921393103
35,0,28.025,0,1,543771,0,543771.0,0.8007142857142857,13.206285320336672
18,1,23.085,0,0,72948,0,72948.0,1.2825,11.197515845837785
20,1,30.685,0,1,433204,0,433204.0,1.53425,12.978966336055292
28,0,25.8,0,0,755002,0,755002.0,0.9214285714285715,13.534477001733201
55,1,35.245,1,0,1865703,1,932851.5,0.6408181818181817,14.439149019725203
43,0,24.7,2,1,1255093,1,418364.3333333333,0.5744186046511628,14.042721028141534
43,0,25.08,0,0,2223281,0,2223281.0,0.5832558139534884,14.614495040501382
25,0,22.515,1,0,986080,1,493040.0,0.9006000000000001,13.801493780312057
49,1,30.9,0,1,1756056,1,1756056.0,0.6306122448979592,14.378581512787054
44,0,36.955,1,0,2058689,1,1029344.5,0.8398863636363636,14.537580416151298
64,1,26.41,0,0,764480,0,764480.0,0.41265625,13.54695245119742
49,1,29.83,1,0,1523058,0,761529.0,0.6087755102040816,14.236231370457219
47,1,29.8,3,1,1780546,1,445136.5,0.6340425531914894,14.392431178431044
27,0,21.47,0,0,967034,0,967034.0,0.7951851851851851,13.781989968196148
55,1,27.645,0,0,1724376,1,1724376.0,0.5026363636363637,14.360376383793536
48,0,28.9,0,0,1252830,1,1252830.0,0.6020833333333333,14.040916348484693
45,0,31.79,0,0,2236808,0,2236808.0,0.7064444444444444,14.620560854618684
24,0,39.49,0,0,498349,0,498349.0,1.6454166666666667,13.119057920395603
32,1,33.82,1,0,1163699,1,581849.5,1.056875,13.967115142096167
24,1,32.01,0,0,340409,0,340409.0,1.33375,12.737906052453145
57,1,27.94,1,0,2207433,0,1103716.5,0.49017543859649126,14.607341312938551
59,1,41.14,1,1,2035346,1,1017673.0,0.6972881355932203,14.526176878293153
36,1,28.595,3,0,1024309,1,256077.25,0.7943055555555555,13.839529773141786
29,0,25.6,4,0,855623,1,171124.6,0.8827586206896553,13.659586306287864
42,0,25.3,1,0,2437644,1,1218822.0,0.6023809523809524,14.706542967264335
48,1,37.29,2,0,1351129,1,450376.3333333333,0.776875,14.11645183733151
39,1,42.655,0,0,661501,1,661501.0,1.0937179487179487,13.40226828596417
63,1,21.66,1,0,799312,0,399656.0,0.3438095238095238,13.591507887713052
54,0,31.9,1,0,2389106,1,1194553.0,0.5907407407407407,14.686430213919449
37,1,37.07,1,1,515313,1,257656.5,1.001891891891892,13.152531702586883
63,1,31.445,0,0,823289,0,823289.0,0.49912698412698414,13.621063786972012
21,1,31.255,0,0,224057,0,224057.0,1.4883333333333333,12.319660225892388
54,0,28.88,2,0,2079353,1,693117.6666666666,0.5348148148148147,14.547567826515422
60,0,18.335,0,0,512579,0,512579.0,0.3055833333333334,13.14721207537372
32,0,29.59,1,0,1096481,1,548240.5,0.9246875,13.907617430836664
47,0,32.0,1,0,2046265,1,1023132.5,0.6808510638297872,14.53152722681834
21,1,26.03,0,0,319440,0,319440.0,1.2395238095238095,12.67432787221054
28,1,31.68,0,1,835062,1,835062.0,1.1314285714285715,13.635262450088648
63,1,33.66,3,0,624944,1,156236.0,0.5342857142857143,13.345418924846312
18,1,21.78,2,0,45719,0,15239.666666666666,1.21,10.730291117908747
32,1,27.835,1,0,781162,1,390581.0,0.86984375,13.568539113831763
38,1,19.95,1,0,1084291,1,542145.5,0.525,13.896437797401145
32,1,31.5,1,0,1001056,1,500528.0,0.984375,13.816566999733107
62,0,30.495,2,0,821015,1,273671.6666666667,0.49185483870967744,13.618297876673413
55,1,28.975,0,0,2354175,1,2354175.0,0.5268181818181819,14.671701330362634
57,1,31.54,0,0,1957781,0,1957781.0,0.5533333333333333,14.487322757773944
52,1,47.74,1,0,2334593,1,1167296.5,0.9180769230769231,14.663348558163987
56,1,22.1,0,0,1723337,0,1723337.0,0.3946428571428572,14.359773665743203
47,1,36.19,0,1,1478674,1,1478674.0,0.7699999999999999,14.20665697447625
55,0,29.83,0,0,1855514,0,1855514.0,0.5423636363636364,14.433672843524487
23,1,32.7,3,0,258189,1,64547.25,1.4217391304347828,12.461451026977741
22,0,30.4,0,1,279771,0,279771.0,1.3818181818181818,12.541730264726406
50,0,33.7,4,0,1393669,1,278733.8,0.674,14.147451113440036
18,0,31.35,4,0,43119,0,8623.8,1.7416666666666667,10.671742205582879
51,0,34.96,2,1,2444522,1,814840.6666666666,0.6854901960784314,14.709360569833645
22,1,33.77,0,0,471497,0,471497.0,1.5350000000000001,13.063670139265104
52,0,30.875,0,0,1638587,0,1638587.0,0.59375,14.309345453338246
25,0,33.99,1,0,1018714,1,509357.0,1.3596000000000001,13.834052587118814
33,0,19.095,2,1,944920,1,314973.3333333333,0.5786363636363636,13.758856605097785
53,1,28.6,3,0,1673308,1,418327.0,0.539622641509434,14.3303136610614
29,1,38.94,1,0,904649,1,452324.5,1.3427586206896551,13.715303407547243
58,1,36.08,0,0,2222175,0,2222175.0,0.6220689655172413,14.613997453965723
37,1,29.8,0,0,633788,0,633788.0,0.8054054054054054,13.359471370455655
54,0,31.24,0,0,1895563,0,1895563.0,0.5785185185185185,14.455026977546847
49,0,29.925,0,0,2394645,0,2394645.0,0.6107142857142858,14.68874596996929
50,0,26.22,2,0,1555634,1,518544.6666666667,0.5244,14.257394380367783
26,1,30.0,1,0,629662,0,314831.0,1.1538461538461537,13.352940034611711
45,1,20.35,3,0,2206545,1,551636.25,0.45222222222222225,14.606938954970467
54,0,32.3,1,0,2118861,1,1059430.5,0.5981481481481481,14.566389710070718
38,1,38.39,3,1,855995,1,213998.75,1.0102631578947368,13.660020982215764
48,0,25.85,3,1,2089656,1,522414.0,0.5385416666666667,14.552510495640146
28,0,26.315,3,0,1088044,1,272011.0,0.9398214285714286,13.89989306583683
23,1,24.51,0,0,433768,0,433768.0,1.0656521739130436,12.980267413318419
55,1,32.67,1,0,1475955,1,737977.5,0.5940000000000001,14.204816473400117
25,1,33.33,2,1,630135,1,210045.0,1.3332,13.353690948086362
33,1,35.75,1,1,1025734,1,512867.0,1.0833333333333333,13.840919986751251
30,0,19.95,3,0,981220,1,245305.0,0.6649999999999999,13.796552993501896
23,0,31.4,0,1,467302,0,467302.0,1.3652173913043477,13.054733148526674
46,1,38.17,2,0,1267034,1,422344.6666666667,0.8297826086956522,14.052190083231125
53,0,36.86,3,1,2493620,1,623405.0,0.6954716981132075,14.729246428958994
27,0,32.395,1,0,622082,0,311041.0,1.199814814814815,13.340828803333393
23,0,42.75,1,1,397796,1,198898.0,1.858695652173913,12.893697103895443
63,0,25.08,0,0,836070,0,836070.0,0.39809523809523806,13.636468816690305
55,1,29.9,0,0,1416034,1,1416034.0,0.5436363636363636,14.163371270444454
35,0,35.86,2,0,532176,1,177392.0,1.0245714285714285,13.184731419756076
34,1,32.8,1,0,569105,0,284552.5,0.9647058823529411,13.25182198749821
19,0,18.6,0,0,83657,0,83657.0,0.9789473684210527,11.334492338423075
27,1,45.9,2,0,691020,1,230340.0,1.7,13.44592549302608
57,1,40.28,0,0,1933243,0,1933243.0,0.7066666666666667,14.474709978884414
52,0,18.335,0,0,2097791,1,2097791.0,0.35259615384615384,14.556395920983444
28,1,33.82,0,0,767884,1,767884.0,1.207857142857143,13.551395261334385
50,0,28.12,3,0,2024490,1,506122.5,0.5624,14.520828868902361
44,0,25.0,1,0,1393539,1,696769.5,0.5681818181818182,14.147357830192563
26,0,22.23,0,0,994656,0,994656.0,0.855,13.810153233091794
33,1,30.25,0,0,713241,0,713241.0,0.9166666666666666,13.477576052749262
19,0,32.49,0,1,83494,0,83494.0,1.7100000000000002,11.332542028806532
50,1,37.07,1,0,2029794,1,1014897.0,0.7414000000000001,14.523445360696945
41,0,32.6,3,0,1708876,1,427219.0,0.7951219512195122,14.351346987594226
52,0,24.86,0,0,1387318,0,1387318.0,0.47807692307692307,14.142883665642875
39,1,32.34,2,0,901451,1,300483.6666666667,0.8292307692307693,13.711762075615619
50,1,32.3,2,0,1230649,1,410216.3333333333,0.6459999999999999,14.023053043049833
52,1,32.775,3,0,1589801,1,397450.25,0.6302884615384615,14.279120038140235
60,1,32.8,0,1,684172,0,684172.0,0.5466666666666666,13.435966088601418
20,0,31.92,0,0,425599,0,425599.0,1.596,12.961255217009573
55,1,21.5,1,0,1342173,0,671086.5,0.39090909090909093,14.10980124533701
42,1,34.1,0,0,1612603,1,1612603.0,0.8119047619047619,14.29336082169631
18,0,30.305,0,0,4303,0,4303.0,1.6836111111111112,8.36730010184162
58,0,36.48,0,0,2214159,0,2214159.0,0.6289655172413793,14.610383657028898
43,0,32.56,3,1,1663778,1,415944.5,0.7572093023255815,14.32460207904293
35,0,35.815,1,0,575681,1,287840.5,1.0232857142857141,13.263310703890577
48,0,27.93,4,0,1405690,1,281138.0,0.581875,14.15603955479527
36,0,22.135,3,0,709274,1,177318.5,0.6148611111111112,13.471998600551823
19,1,44.88,0,1,65120,0,65120.0,2.3621052631578947,11.084002356823872
23,0,23.18,2,0,374293,1,124764.33333333333,1.0078260869565216,12.832796863841518
20,0,30.59,0,0,396457,0,396457.0,1.5295,12.890325387586369
32,0,41.1,0,0,545845,1,545845.0,1.284375,13.210092163661047
43,0,34.58,1,0,2107660,1,1053830.0,0.8041860465116278,14.561089359771842
34,1,42.13,2,0,1174632,1,391544.0,1.2391176470588237,13.976466316346434
30,1,38.83,1,0,1108574,1,554287.0,1.2943333333333333,13.918585964748383
18,0,28.215,0,0,16013,0,16013.0,1.5675,9.68121861863258
41,0,28.31,1,0,2121466,1,1060733.0,0.6904878048780487,14.567618388471718
35,0,26.125,0,0,540705,0,540705.0,0.7464285714285714,13.200630972034993
57,1,40.37,0,0,1644285,0,1644285.0,0.7082456140350877,14.312816805404683
29,0,24.6,2,0,874521,1,291507.0,0.8482758620689655,13.681432730357061
32,1,35.2,2,0,578372,1,192790.66666666666,1.1,13.267974268239199
37,0,34.105,1,0,1038757,1,519378.5,0.9217567567567567,13.853536326686518
18,1,27.36,1,1,41411,0,20705.5,1.52,10.631325972886003
43,0,26.7,2,1,1761653,1,587217.6666666666,0.6209302325581395,14.381763698431683
56,0,41.91,0,0,1815475,0,1815475.0,0.7483928571428571,14.411858250250388
38,1,29.26,2,0,972941,1,324313.6666666667,0.77,13.788079749936134
29,1,32.11,2,0,1168039,1,389346.3333333333,1.1072413793103448,13.970837688359252
22,0,27.1,0,0,303537,0,303537.0,1.231818181818182,12.623262087574888
52,0,24.13,1,1,1848516,1,924258.0,0.4640384615384615,14.429894253962464
40,0,27.4,1,0,1864724,1,932362.0,0.6849999999999999,14.438624147104669
23,0,34.865,0,0,480274,0,480274.0,1.5158695652173915,13.082114135496644
31,1,29.81,0,1,1119239,1,1119239.0,0.9616129032258064,13.92816044150891
42,0,41.325,1,0,1217485,1,608742.5,0.9839285714285715,14.012298634899462
24,0,29.925,0,0,230650,0,230650.0,1.246875,12.348661024549948
25,0,30.3,0,0,602954,0,602954.0,1.212,13.309597846058928
48,0,27.36,1,0,1571346,1,785673.0,0.57,14.267443771269098
23,0,28.49,1,1,317591,1,158795.5,1.238695652173913,12.668522819120994
45,1,23.56,2,0,2214397,1,738132.3333333334,0.5235555555555556,14.61049114122589
20,1,35.625,3,1,307276,0,76819.0,1.78125,12.635504899889597
62,0,32.68,0,0,612648,0,612648.0,0.5270967741935484,13.325547457122935
43,0,25.27,1,1,2456673,1,1228336.5,0.5876744186046512,14.714318960567581
23,0,28.0,0,0,365311,0,365311.0,1.2173913043478262,12.8085070619564
31,0,32.775,2,0,811050,1,270350.0,1.057258064516129,13.606086216447109
41,0,21.755,1,0,1650382,1,825191.0,0.530609756097561,14.316517940152924
58,0,32.395,1,0,1460509,0,730254.5,0.5585344827586207,14.194296247756707
48,0,36.575,0,0,1239775,1,1239775.0,0.7619791666666668,14.030441276101627
31,0,21.755,0,0,644795,0,644795.0,0.7017741935483871,13.37668926668137
19,0,27.93,3,0,13932,0,3483.0,1.47,9.542015406113592
19,0,30.02,0,1,48135,0,48135.0,1.58,10.781785616900187
41,1,33.55,0,0,1828081,1,1828081.0,0.8182926829268292,14.418777887758205
40,1,29.355,1,0,1470471,1,735235.5,0.733875,14.201093995652434
31,0,25.8,2,0,1099036,1,366345.3333333333,0.832258064516129,13.90994489978901
37,1,24.32,2,0,1091486,1,363828.6666666667,0.6572972972972974,13.903051544685908
46,1,40.375,2,0,1939991,1,646663.6666666666,0.8777173913043478,14.478194407319668
22,1,32.11,0,0,304930,0,304930.0,1.4595454545454545,12.627840800487597
51,1,32.3,1,0,1456177,1,728088.5,0.6333333333333333,14.191325753013762
18,0,27.28,3,1,98632,1,24658.0,1.5155555555555555,11.499161170194373
35,1,17.86,1,0,1044443,1,522221.5,0.5102857142857142,13.858995244372007
59,0,34.8,2,0,1556378,1,518792.6666666667,0.5898305084745762,14.257872527326104
36,1,33.4,2,1,1040396,1,346798.6666666667,0.9277777777777777,13.855112929046133
37,0,25.555,1,1,932577,1,466288.5,0.6906756756756757,13.745708073114567
59,1,37.1,1,0,1847053,1,923526.5,0.628813559322034,14.429102495353888
36,1,30.875,1,0,895759,1,447879.5,0.8576388888888888,13.705427798934078
39,1,34.1,2,0,524589,1,174863.0,0.8743589743589744,13.170372284090641
18,1,21.47,0,0,89231,0,89231.0,1.1927777777777777,11.398994998629336
52,0,33.3,2,0,1453250,1,484416.6666666667,0.6403846153846153,14.18931367367621
27,0,31.255,1,0,1042974,0,521487.0,1.1575925925925925,13.857587764376369
18,1,39.14,0,0,56962,0,56962.0,2.1744444444444446,10.950157213238244
40,1,25.08,0,0,1885808,1,1885808.0,0.627,14.449867464512666
29,1,37.29,2,0,702175,1,234058.33333333334,1.2858620689655171,13.461939363835596
46,0,34.6,1,1,2456039,1,1228019.5,0.7521739130434782,14.714060854761495
38,0,30.21,3,0,799999,1,199999.75,0.795,13.592367006650065
30,0,21.945,1,0,884167,1,442083.5,0.7315,13.692402368812338
40,1,24.97,2,0,2462291,1,820763.6666666666,0.62425,14.716603181455767
50,1,25.3,0,0,2075878,0,2075878.0,0.506,14.545895236405494
20,0,24.42,0,1,273663,0,273663.0,1.221,12.519656355504608
41,1,23.94,1,0,1348199,1,674099.5,0.5839024390243903,14.114280927401476
33,0,39.82,1,0,536830,1,268415.0,1.2066666666666668,13.193438612599586
38,1,16.815,2,0,639832,1,213277.33333333334,0.44250000000000006,13.368962483785742
42,1,37.18,2,0,1717737,1,572579.0,0.8852380952380953,14.356518866986226
56,1,34.43,0,0,2320745,0,2320745.0,0.6148214285714285,14.657399243679954
58,1,30.305,0,0,1591462,0,1591462.0,0.5225,14.280164276926337
52,1,34.485,3,1,1366211,1,341552.75,0.6631730769230769,14.127552504728357
20,0,21.8,0,1,341715,0,341715.0,1.09,12.74173526170717
54,0,24.605,3,0,1339691,1,334922.75,0.45564814814814814,14.107950294761094
58,1,23.3,0,0,1643553,0,1643553.0,0.4017241379310345,14.312371528254886
45,0,27.83,2,0,1401190,1,467063.3333333333,0.6184444444444444,14.152833147218898
26,1,31.065,0,0,579485,0,579485.0,1.1948076923076925,13.269896782712566
63,0,21.66,0,0,730824,0,730824.0,0.3438095238095238,13.501929311986805
58,0,28.215,0,0,2108731,0,2108731.0,0.4864655172413793,14.561597376943407
37,1,22.705,3,0,1083373,1,270843.25,0.6136486486486487,13.895590803394798
25,0,42.13,1,0,973235,1,486617.5,1.6852,13.788381880576022
52,1,41.8,2,1,1792913,1,597637.6666666666,0.8038461538461538,14.399352787131313
64,1,36.96,2,1,948985,1,316328.3333333333,0.5775,13.76314932511233
22,0,21.28,3,0,251746,1,62936.5,0.9672727272727273,12.436179893925893
28,0,33.11,0,0,566814,0,566814.0,1.1824999999999999,13.247788250809814
18,1,33.33,0,0,32413,0,32413.0,1.8516666666666666,10.386345707218064
45,0,25.7,3,0,1388435,1,347108.75,0.5711111111111111,14.143688491760667
33,1,29.4,4,0,939270,1,187854.0,0.8909090909090909,13.752859321450845
18,0,39.82,0,0,48972,0,48972.0,2.212222222222222,10.799024404817064
32,1,33.63,1,1,894084,1,447042.0,1.0509375,13.703556127935773
24,1,29.83,0,1,385147,0,385147.0,1.2429166666666667,12.861382954985597
19,1,19.8,0,0,85985,0,85985.0,1.0421052631578949,11.361939771286126
20,1,27.3,0,1,286482,0,286482.0,1.365,12.565434476552698
40,0,29.3,4,0,2060615,1,412123.0,0.7325,14.538515525191679
34,0,27.72,0,0,509773,1,509773.0,0.8152941176470588,13.141722769231277
42,0,37.9,0,0,1242153,1,1242153.0,0.9023809523809524,14.032357527347772
51,0,36.385,3,0,2052009,1,513002.25,0.7134313725490196,14.53433035855527
54,0,27.645,1,0,1273698,1,636849.0,0.5119444444444444,14.057435823463308
55,1,37.715,3,0,2353343,1,588335.75,0.6857272727272727,14.671347853368946
52,0,23.18,0,0,1921258,1,1921258.0,0.44576923076923075,14.468491258274199
32,0,20.52,0,0,1189316,1,1189316.0,0.64125,13.988889750735769
28,1,37.1,1,0,1028085,1,514042.5,1.325,13.843209379085696
41,0,28.05,1,0,2366200,1,1183100.0,0.6841463414634147,14.676796273420155
43,0,29.9,1,0,1544433,1,772216.5,0.6953488372093023,14.250168058151907
49,0,33.345,2,0,2375689,1,791896.3333333334,0.6805102040816327,14.68079847957207
64,1,23.76,0,1,636693,0,636693.0,0.37125,13.364044442370327
55,0,30.5,0,0,2063734,0,2063734.0,0.5545454545454546,14.540028005867832
24,1,31.065,0,1,395000,1,395000.0,1.294375,12.886643575525625
20,0,33.3,0,0,487817,0,487817.0,1.6649999999999998,13.09769766445216
45,1,27.5,3,0,1735838,1,433959.5,0.6111111111111112,14.36700142796615
26,1,33.915,1,0,665639,0,332819.5,1.304423076923077,13.40850426283728
25,0,34.485,0,0,876707,1,876707.0,1.3794,13.683929262663366
35,1,27.61,1,0,536489,1,268244.5,0.7888571428571428,13.192803201550191
26,1,27.06,0,1,642468,1,642468.0,1.0407692307692307,13.373073845560253
57,1,23.7,0,0,1400540,0,1400540.0,0.4157894736842105,14.152369148512625
22,0,30.4,0,0,489890,0,489890.0,1.3818181818181818,13.101938196361774
32,0,29.735,0,0,1164706,1,1164706.0,0.92921875,13.967980111204048
39,1,29.925,1,1,635361,1,317680.5,0.7673076923076924,13.361950194181832
25,0,26.79,2,0,1160450,1,386816.6666666667,1.0715999999999999,13.964319280625542
48,0,33.33,0,0,1209492,1,1209492.0,0.694375,14.005711821499968
47,0,27.645,2,1,2424793,1,808264.3333333334,0.5881914893617021,14.701257130291788
18,0,21.66,0,1,84652,0,84652.0,1.2033333333333334,11.34631582698055
18,1,30.03,1,0,8017,0,4008.5,1.6683333333333334,8.989444293202451
61,1,36.3,1,1,718122,0,359061.0,0.5950819672131147,13.484396142550818
47,0,24.32,0,0,1749025,1,1749025.0,0.5174468085106383,14.374569619527755
28,0,17.29,0,0,1138626,0,1138626.0,0.6174999999999999,13.945333708550125
36,0,25.9,1,0,833598,1,416799.0,0.7194444444444444,13.633507750364398
20,1,39.4,2,1,274896,0,91632.0,1.97,12.524151761034496
44,1,34.32,1,0,2264736,1,1132368.0,0.78,14.63296919536714
38,0,19.95,2,0,834612,1,278204.0,0.525,13.634723423342267
19,1,34.9,0,1,23396,0,23396.0,1.8368421052631578,10.060363087998608
21,1,23.21,0,0,397566,0,397566.0,1.1052380952380954,12.893118752332105
46,1,25.745,3,0,2110043,1,527510.75,0.5596739130434782,14.562219358315396
58,1,25.175,0,0,1974696,0,1974696.0,0.434051724137931,14.495925526826138
20,1,22.0,1,0,475611,0,237805.5,1.1,13.072357674767256
18,1,26.125,0,0,74672,0,74672.0,1.4513888888888888,11.220873860000504
28,0,26.51,2,0,1098814,1,366271.3333333333,0.9467857142857143,13.909742884365993
33,1,27.455,2,0,1141670,1,380556.6666666667,0.8319696969696969,13.948003536623588
19,0,25.745,1,0,65416,0,32708.0,1.355,11.088537442504965
45,1,30.36,0,1,1923242,1,1923242.0,0.6746666666666666,14.469523381642128
62,1,30.875,3,1,933450,1,233362.5,0.49798387096774194,13.74664374995956
25,0,20.8,1,0,825644,0,412822.0,0.8320000000000001,13.623920178038
43,1,27.8,0,1,1473673,1,1473673.0,0.6465116279069768,14.203269160377607
42,1,24.605,2,1,1852542,1,617514.0,0.5858333333333333,14.43206984775883
24,0,27.72,0,0,404002,0,404002.0,1.155,12.909177582658291
29,0,21.85,0,1,736198,1,736198.0,0.753448275862069,13.509255741599594
32,1,28.12,4,1,620277,1,124055.4,0.87875,13.337923043622594
25,0,30.2,0,1,560986,1,560986.0,1.208,13.237453011330812
41,1,32.2,2,0,1467020,1,489006.6666666667,0.7853658536585366,14.198744371951086
42,1,26.315,1,0,1829250,1,914625.0,0.6265476190476191,14.41941715141826
33,0,26.695,0,0,948668,0,948668.0,0.808939393939394,13.76281522855321
34,1,42.9,1,0,592511,1,296255.5,1.261764705882353,13.292126404950888
19,0,34.7,2,1,15356,1,5118.666666666667,1.8263157894736843,9.639326675125693
30,0,23.655,3,1,694534,1,173633.5,0.7885000000000001,13.450997835875024
18,1,28.31,1,0,48270,0,24135.0,1.5727777777777776,10.784586245241275
19,0,20.6,0,0,32558,0,32558.0,1.0842105263157895,10.390809107114125
35,1,39.71,4,0,733633,1,146726.6,1.1345714285714286,13.505765545633402
39,0,26.315,2,0,1044435,1,348145.0,0.6747435897435897,13.858987584764945
31,1,31.065,3,0,708764,1,177191.0,1.0020967741935485,13.471279297821308
62,1,26.695,0,1,541707,0,541707.0,0.43056451612903224,13.20248238985889
62,1,38.83,0,0,942870,1,942870.0,0.6262903225806451,13.756684754803038
42,0,40.37,2,1,2314639,1,771546.3333333334,0.9611904761904762,14.654764725850523
31,1,25.935,1,0,1004989,1,502494.5,0.8366129032258064,13.820488149177052
61,1,33.535,0,0,656704,0,656704.0,0.5497540983606557,13.394990185976788
42,0,32.87,0,0,1826618,1,1826618.0,0.7826190476190475,14.4179772750251
51,1,30.03,1,0,1576221,1,788110.5,0.5888235294117647,14.270541402423872
23,0,24.225,2,0,242442,0,80814.0,1.0532608695652175,12.39852191018434
52,1,38.6,2,0,2163676,1,721225.3333333334,0.7423076923076923,14.587319647179568
57,0,25.74,2,0,2258431,0,752810.3333333334,0.451578947368421,14.630181325144447
23,0,33.4,0,0,450099,0,450099.0,1.452173913043478,13.017225059281024
52,0,44.7,3,0,1836146,1,459036.5,0.8596153846153847,14.42317991231699
50,1,30.97,3,0,1873779,1,468444.75,0.6194,14.443468338944557
18,0,31.92,0,0,7268,0,7268.0,1.7733333333333334,8.891374009484636
18,0,36.85,0,0,78462,0,78462.0,2.0472222222222225,11.270382455076408
21,0,25.8,0,0,377754,0,377754.0,1.2285714285714286,12.84200111631476
61,0,29.07,0,1,769594,0,769594.0,0.47655737704918033,13.553619681431032
